tipo_analisis,grupo,variable,valor,detalle
columnas_problematicas,columna,des_tasa_pobreza,76.44,
columnas_problematicas,columna,edu_literacy_rate,86.67,
columnas_problematicas,columna,elec_private_investment_energy,76.44,
duplicados,dataset,duplicados_country_code,0.0,
duplicados,dataset,duplicados_totales,0.0,
info_general,dataset,duplicados_country_code_detectados,0.0,
info_general,dataset,n_columnas,32.0,
info_general,dataset,n_filas,225.0,
info_general,dataset,n_paises_unicos,225.0,
n_variables_analizadas_pais,ABW,n_variables_analizadas,30.0,
n_variables_analizadas_pais,AFG,n_variables_analizadas,30.0,
n_variables_analizadas_pais,AGO,n_variables_analizadas,30.0,
n_variables_analizadas_pais,AIA,n_variables_analizadas,30.0,
n_variables_analizadas_pais,ALB,n_variables_analizadas,30.0,
n_variables_analizadas_pais,AND,n_variables_analizadas,30.0,
n_variables_analizadas_pais,ARE,n_variables_analizadas,30.0,
n_variables_analizadas_pais,ARG,n_variables_analizadas,30.0,
n_variables_analizadas_pais,ARM,n_variables_analizadas,30.0,
n_variables_analizadas_pais,ASM,n_variables_analizadas,30.0,
n_variables_analizadas_pais,ATG,n_variables_analizadas,30.0,
n_variables_analizadas_pais,AUS,n_variables_analizadas,30.0,
n_variables_analizadas_pais,AUT,n_variables_analizadas,30.0,
n_variables_analizadas_pais,AZE,n_variables_analizadas,30.0,
n_variables_analizadas_pais,BDI,n_variables_analizadas,30.0,
n_variables_analizadas_pais,BEL,n_variables_analizadas,30.0,
n_variables_analizadas_pais,BEN,n_variables_analizadas,30.0,
n_variables_analizadas_pais,BFA,n_variables_analizadas,30.0,
n_variables_analizadas_pais,BGD,n_variables_analizadas,30.0,
n_variables_analizadas_pais,BGR,n_variables_analizadas,30.0,
n_variables_analizadas_pais,BHR,n_variables_analizadas,30.0,
n_variables_analizadas_pais,BHS,n_variables_analizadas,30.0,
n_variables_analizadas_pais,BIH,n_variables_analizadas,30.0,
n_variables_analizadas_pais,BLR,n_variables_analizadas,30.0,
n_variables_analizadas_pais,BLZ,n_variables_analizadas,30.0,
n_variables_analizadas_pais,BMU,n_variables_analizadas,30.0,
n_variables_analizadas_pais,BOL,n_variables_analizadas,30.0,
n_variables_analizadas_pais,BRA,n_variables_analizadas,30.0,
n_variables_analizadas_pais,BRB,n_variables_analizadas,30.0,
n_variables_analizadas_pais,BRN,n_variables_analizadas,30.0,
n_variables_analizadas_pais,BTN,n_variables_analizadas,30.0,
n_variables_analizadas_pais,BWA,n_variables_analizadas,30.0,
n_variables_analizadas_pais,CAF,n_variables_analizadas,30.0,
n_variables_analizadas_pais,CAN,n_variables_analizadas,30.0,
n_variables_analizadas_pais,CHE,n_variables_analizadas,30.0,
n_variables_analizadas_pais,CHI,n_variables_analizadas,30.0,
n_variables_analizadas_pais,CHL,n_variables_analizadas,30.0,
n_variables_analizadas_pais,CHN,n_variables_analizadas,30.0,
n_variables_analizadas_pais,CIV,n_variables_analizadas,30.0,
n_variables_analizadas_pais,CMR,n_variables_analizadas,30.0,
n_variables_analizadas_pais,COD,n_variables_analizadas,30.0,
n_variables_analizadas_pais,COG,n_variables_analizadas,30.0,
n_variables_analizadas_pais,COK,n_variables_analizadas,30.0,
n_variables_analizadas_pais,COL,n_variables_analizadas,30.0,
n_variables_analizadas_pais,COM,n_variables_analizadas,30.0,
n_variables_analizadas_pais,CPV,n_variables_analizadas,30.0,
n_variables_analizadas_pais,CRI,n_variables_analizadas,30.0,
n_variables_analizadas_pais,CUB,n_variables_analizadas,30.0,
n_variables_analizadas_pais,CUW,n_variables_analizadas,30.0,
n_variables_analizadas_pais,CYM,n_variables_analizadas,30.0,
n_variables_analizadas_pais,CYP,n_variables_analizadas,30.0,
n_variables_analizadas_pais,CZE,n_variables_analizadas,30.0,
n_variables_analizadas_pais,DEU,n_variables_analizadas,30.0,
n_variables_analizadas_pais,DJI,n_variables_analizadas,30.0,
n_variables_analizadas_pais,DMA,n_variables_analizadas,30.0,
n_variables_analizadas_pais,DNK,n_variables_analizadas,30.0,
n_variables_analizadas_pais,DOM,n_variables_analizadas,30.0,
n_variables_analizadas_pais,DZA,n_variables_analizadas,30.0,
n_variables_analizadas_pais,ECU,n_variables_analizadas,30.0,
n_variables_analizadas_pais,EGY,n_variables_analizadas,30.0,
n_variables_analizadas_pais,ERI,n_variables_analizadas,30.0,
n_variables_analizadas_pais,ESP,n_variables_analizadas,30.0,
n_variables_analizadas_pais,EST,n_variables_analizadas,30.0,
n_variables_analizadas_pais,ETH,n_variables_analizadas,30.0,
n_variables_analizadas_pais,FIN,n_variables_analizadas,30.0,
n_variables_analizadas_pais,FJI,n_variables_analizadas,30.0,
n_variables_analizadas_pais,FRA,n_variables_analizadas,30.0,
n_variables_analizadas_pais,FRO,n_variables_analizadas,30.0,
n_variables_analizadas_pais,FSM,n_variables_analizadas,30.0,
n_variables_analizadas_pais,GAB,n_variables_analizadas,30.0,
n_variables_analizadas_pais,GBR,n_variables_analizadas,30.0,
n_variables_analizadas_pais,GEO,n_variables_analizadas,30.0,
n_variables_analizadas_pais,GHA,n_variables_analizadas,30.0,
n_variables_analizadas_pais,GIB,n_variables_analizadas,30.0,
n_variables_analizadas_pais,GIN,n_variables_analizadas,30.0,
n_variables_analizadas_pais,GMB,n_variables_analizadas,30.0,
n_variables_analizadas_pais,GNB,n_variables_analizadas,30.0,
n_variables_analizadas_pais,GNQ,n_variables_analizadas,30.0,
n_variables_analizadas_pais,GRC,n_variables_analizadas,30.0,
n_variables_analizadas_pais,GRD,n_variables_analizadas,30.0,
n_variables_analizadas_pais,GRL,n_variables_analizadas,30.0,
n_variables_analizadas_pais,GTM,n_variables_analizadas,30.0,
n_variables_analizadas_pais,GUM,n_variables_analizadas,30.0,
n_variables_analizadas_pais,GUY,n_variables_analizadas,30.0,
n_variables_analizadas_pais,HKG,n_variables_analizadas,30.0,
n_variables_analizadas_pais,HND,n_variables_analizadas,30.0,
n_variables_analizadas_pais,HRV,n_variables_analizadas,30.0,
n_variables_analizadas_pais,HTI,n_variables_analizadas,30.0,
n_variables_analizadas_pais,HUN,n_variables_analizadas,30.0,
n_variables_analizadas_pais,IDN,n_variables_analizadas,30.0,
n_variables_analizadas_pais,IMN,n_variables_analizadas,30.0,
n_variables_analizadas_pais,IND,n_variables_analizadas,30.0,
n_variables_analizadas_pais,IRL,n_variables_analizadas,30.0,
n_variables_analizadas_pais,IRN,n_variables_analizadas,30.0,
n_variables_analizadas_pais,IRQ,n_variables_analizadas,30.0,
n_variables_analizadas_pais,ISL,n_variables_analizadas,30.0,
n_variables_analizadas_pais,ISR,n_variables_analizadas,30.0,
n_variables_analizadas_pais,ITA,n_variables_analizadas,30.0,
n_variables_analizadas_pais,JAM,n_variables_analizadas,30.0,
n_variables_analizadas_pais,JOR,n_variables_analizadas,30.0,
n_variables_analizadas_pais,JPN,n_variables_analizadas,30.0,
n_variables_analizadas_pais,KAZ,n_variables_analizadas,30.0,
n_variables_analizadas_pais,KEN,n_variables_analizadas,30.0,
n_variables_analizadas_pais,KGZ,n_variables_analizadas,30.0,
n_variables_analizadas_pais,KHM,n_variables_analizadas,30.0,
n_variables_analizadas_pais,KIR,n_variables_analizadas,30.0,
n_variables_analizadas_pais,KNA,n_variables_analizadas,30.0,
n_variables_analizadas_pais,KOR,n_variables_analizadas,30.0,
n_variables_analizadas_pais,KWT,n_variables_analizadas,30.0,
n_variables_analizadas_pais,LAO,n_variables_analizadas,30.0,
n_variables_analizadas_pais,LBN,n_variables_analizadas,30.0,
n_variables_analizadas_pais,LBR,n_variables_analizadas,30.0,
n_variables_analizadas_pais,LBY,n_variables_analizadas,30.0,
n_variables_analizadas_pais,LCA,n_variables_analizadas,30.0,
n_variables_analizadas_pais,LIE,n_variables_analizadas,30.0,
n_variables_analizadas_pais,LKA,n_variables_analizadas,30.0,
n_variables_analizadas_pais,LSO,n_variables_analizadas,30.0,
n_variables_analizadas_pais,LTU,n_variables_analizadas,30.0,
n_variables_analizadas_pais,LUX,n_variables_analizadas,30.0,
n_variables_analizadas_pais,LVA,n_variables_analizadas,30.0,
n_variables_analizadas_pais,MAC,n_variables_analizadas,30.0,
n_variables_analizadas_pais,MAF,n_variables_analizadas,30.0,
n_variables_analizadas_pais,MAR,n_variables_analizadas,30.0,
n_variables_analizadas_pais,MCO,n_variables_analizadas,30.0,
n_variables_analizadas_pais,MDA,n_variables_analizadas,30.0,
n_variables_analizadas_pais,MDG,n_variables_analizadas,30.0,
n_variables_analizadas_pais,MDV,n_variables_analizadas,30.0,
n_variables_analizadas_pais,MEX,n_variables_analizadas,30.0,
n_variables_analizadas_pais,MHL,n_variables_analizadas,30.0,
n_variables_analizadas_pais,MKD,n_variables_analizadas,30.0,
n_variables_analizadas_pais,MLI,n_variables_analizadas,30.0,
n_variables_analizadas_pais,MLT,n_variables_analizadas,30.0,
n_variables_analizadas_pais,MMR,n_variables_analizadas,30.0,
n_variables_analizadas_pais,MNE,n_variables_analizadas,30.0,
n_variables_analizadas_pais,MNG,n_variables_analizadas,30.0,
n_variables_analizadas_pais,MNP,n_variables_analizadas,30.0,
n_variables_analizadas_pais,MOZ,n_variables_analizadas,30.0,
n_variables_analizadas_pais,MRT,n_variables_analizadas,30.0,
n_variables_analizadas_pais,MSR,n_variables_analizadas,30.0,
n_variables_analizadas_pais,MTQ,n_variables_analizadas,30.0,
n_variables_analizadas_pais,MUS,n_variables_analizadas,30.0,
n_variables_analizadas_pais,MWI,n_variables_analizadas,30.0,
n_variables_analizadas_pais,MYS,n_variables_analizadas,30.0,
n_variables_analizadas_pais,NAM,n_variables_analizadas,30.0,
n_variables_analizadas_pais,NCL,n_variables_analizadas,30.0,
n_variables_analizadas_pais,NER,n_variables_analizadas,30.0,
n_variables_analizadas_pais,NGA,n_variables_analizadas,30.0,
n_variables_analizadas_pais,NIC,n_variables_analizadas,30.0,
n_variables_analizadas_pais,NIU,n_variables_analizadas,30.0,
n_variables_analizadas_pais,NLD,n_variables_analizadas,30.0,
n_variables_analizadas_pais,NOR,n_variables_analizadas,30.0,
n_variables_analizadas_pais,NPL,n_variables_analizadas,30.0,
n_variables_analizadas_pais,NRU,n_variables_analizadas,30.0,
n_variables_analizadas_pais,NZL,n_variables_analizadas,30.0,
n_variables_analizadas_pais,OMN,n_variables_analizadas,30.0,
n_variables_analizadas_pais,PAK,n_variables_analizadas,30.0,
n_variables_analizadas_pais,PAN,n_variables_analizadas,30.0,
n_variables_analizadas_pais,PER,n_variables_analizadas,30.0,
n_variables_analizadas_pais,PHL,n_variables_analizadas,30.0,
n_variables_analizadas_pais,PLW,n_variables_analizadas,30.0,
n_variables_analizadas_pais,PNG,n_variables_analizadas,30.0,
n_variables_analizadas_pais,POL,n_variables_analizadas,30.0,
n_variables_analizadas_pais,PRI,n_variables_analizadas,30.0,
n_variables_analizadas_pais,PRK,n_variables_analizadas,30.0,
n_variables_analizadas_pais,PRT,n_variables_analizadas,30.0,
n_variables_analizadas_pais,PRY,n_variables_analizadas,30.0,
n_variables_analizadas_pais,PSE,n_variables_analizadas,30.0,
n_variables_analizadas_pais,PYF,n_variables_analizadas,30.0,
n_variables_analizadas_pais,QAT,n_variables_analizadas,30.0,
n_variables_analizadas_pais,REU,n_variables_analizadas,30.0,
n_variables_analizadas_pais,ROU,n_variables_analizadas,30.0,
n_variables_analizadas_pais,RUS,n_variables_analizadas,30.0,
n_variables_analizadas_pais,RWA,n_variables_analizadas,30.0,
n_variables_analizadas_pais,SAU,n_variables_analizadas,30.0,
n_variables_analizadas_pais,SDN,n_variables_analizadas,30.0,
n_variables_analizadas_pais,SEN,n_variables_analizadas,30.0,
n_variables_analizadas_pais,SGP,n_variables_analizadas,30.0,
n_variables_analizadas_pais,SHN,n_variables_analizadas,30.0,
n_variables_analizadas_pais,SLB,n_variables_analizadas,30.0,
n_variables_analizadas_pais,SLE,n_variables_analizadas,30.0,
n_variables_analizadas_pais,SLV,n_variables_analizadas,30.0,
n_variables_analizadas_pais,SMR,n_variables_analizadas,30.0,
n_variables_analizadas_pais,SOM,n_variables_analizadas,30.0,
n_variables_analizadas_pais,SRB,n_variables_analizadas,30.0,
n_variables_analizadas_pais,SSD,n_variables_analizadas,30.0,
n_variables_analizadas_pais,STP,n_variables_analizadas,30.0,
n_variables_analizadas_pais,SUR,n_variables_analizadas,30.0,
n_variables_analizadas_pais,SVK,n_variables_analizadas,30.0,
n_variables_analizadas_pais,SVN,n_variables_analizadas,30.0,
n_variables_analizadas_pais,SWE,n_variables_analizadas,30.0,
n_variables_analizadas_pais,SWZ,n_variables_analizadas,30.0,
n_variables_analizadas_pais,SXM,n_variables_analizadas,30.0,
n_variables_analizadas_pais,SYC,n_variables_analizadas,30.0,
n_variables_analizadas_pais,SYR,n_variables_analizadas,30.0,
n_variables_analizadas_pais,TCA,n_variables_analizadas,30.0,
n_variables_analizadas_pais,TCD,n_variables_analizadas,30.0,
n_variables_analizadas_pais,TGO,n_variables_analizadas,30.0,
n_variables_analizadas_pais,THA,n_variables_analizadas,30.0,
n_variables_analizadas_pais,TJK,n_variables_analizadas,30.0,
n_variables_analizadas_pais,TKL,n_variables_analizadas,30.0,
n_variables_analizadas_pais,TKM,n_variables_analizadas,30.0,
n_variables_analizadas_pais,TLS,n_variables_analizadas,30.0,
n_variables_analizadas_pais,TON,n_variables_analizadas,30.0,
n_variables_analizadas_pais,TTO,n_variables_analizadas,30.0,
n_variables_analizadas_pais,TUN,n_variables_analizadas,30.0,
n_variables_analizadas_pais,TUR,n_variables_analizadas,30.0,
n_variables_analizadas_pais,TUV,n_variables_analizadas,30.0,
n_variables_analizadas_pais,TZA,n_variables_analizadas,30.0,
n_variables_analizadas_pais,UGA,n_variables_analizadas,30.0,
n_variables_analizadas_pais,UKR,n_variables_analizadas,30.0,
n_variables_analizadas_pais,URY,n_variables_analizadas,30.0,
n_variables_analizadas_pais,USA,n_variables_analizadas,30.0,
n_variables_analizadas_pais,UZB,n_variables_analizadas,30.0,
n_variables_analizadas_pais,VCT,n_variables_analizadas,30.0,
n_variables_analizadas_pais,VEN,n_variables_analizadas,30.0,
n_variables_analizadas_pais,VGB,n_variables_analizadas,30.0,
n_variables_analizadas_pais,VIR,n_variables_analizadas,30.0,
n_variables_analizadas_pais,VNM,n_variables_analizadas,30.0,
n_variables_analizadas_pais,VUT,n_variables_analizadas,30.0,
n_variables_analizadas_pais,WSM,n_variables_analizadas,30.0,
n_variables_analizadas_pais,XKX,n_variables_analizadas,30.0,
n_variables_analizadas_pais,YEM,n_variables_analizadas,30.0,
n_variables_analizadas_pais,ZAF,n_variables_analizadas,30.0,
n_variables_analizadas_pais,ZMB,n_variables_analizadas,30.0,
n_variables_analizadas_pais,ZWE,n_variables_analizadas,30.0,
nulos_pais,ABW,porcentaje_nulos,60.0,
nulos_pais,AFG,porcentaje_nulos,56.67,
nulos_pais,AGO,porcentaje_nulos,40.0,
nulos_pais,AIA,porcentaje_nulos,76.67,
nulos_pais,ALB,porcentaje_nulos,13.33,
nulos_pais,AND,porcentaje_nulos,26.67,
nulos_pais,ARE,porcentaje_nulos,16.67,
nulos_pais,ARG,porcentaje_nulos,13.33,
nulos_pais,ARM,porcentaje_nulos,6.67,
nulos_pais,ASM,porcentaje_nulos,86.67,
nulos_pais,ATG,porcentaje_nulos,33.33,
nulos_pais,AUS,porcentaje_nulos,33.33,
nulos_pais,AUT,porcentaje_nulos,26.67,
nulos_pais,AZE,porcentaje_nulos,3.33,
nulos_pais,BDI,porcentaje_nulos,56.67,
nulos_pais,BEL,porcentaje_nulos,30.0,
nulos_pais,BEN,porcentaje_nulos,50.0,
nulos_pais,BFA,porcentaje_nulos,13.33,
nulos_pais,BGD,porcentaje_nulos,23.33,
nulos_pais,BGR,porcentaje_nulos,23.33,
nulos_pais,BHR,porcentaje_nulos,13.33,
nulos_pais,BHS,porcentaje_nulos,36.67,
nulos_pais,BIH,porcentaje_nulos,23.33,
nulos_pais,BLR,porcentaje_nulos,16.67,
nulos_pais,BLZ,porcentaje_nulos,36.67,
nulos_pais,BMU,porcentaje_nulos,56.67,
nulos_pais,BOL,porcentaje_nulos,26.67,
nulos_pais,BRA,porcentaje_nulos,36.67,
nulos_pais,BRB,porcentaje_nulos,26.67,
nulos_pais,BRN,porcentaje_nulos,46.67,
nulos_pais,BTN,porcentaje_nulos,23.33,
nulos_pais,BWA,porcentaje_nulos,53.33,
nulos_pais,CAF,porcentaje_nulos,56.67,
nulos_pais,CAN,porcentaje_nulos,33.33,
nulos_pais,CHE,porcentaje_nulos,40.0,
nulos_pais,CHI,porcentaje_nulos,73.33,
nulos_pais,CHL,porcentaje_nulos,30.0,
nulos_pais,CHN,porcentaje_nulos,23.33,
nulos_pais,CIV,porcentaje_nulos,23.33,
nulos_pais,CMR,porcentaje_nulos,30.0,
nulos_pais,COD,porcentaje_nulos,36.67,
nulos_pais,COG,porcentaje_nulos,40.0,
nulos_pais,COK,porcentaje_nulos,76.67,
nulos_pais,COL,porcentaje_nulos,36.67,
nulos_pais,COM,porcentaje_nulos,53.33,
nulos_pais,CPV,porcentaje_nulos,50.0,
nulos_pais,CRI,porcentaje_nulos,26.67,
nulos_pais,CUB,porcentaje_nulos,26.67,
nulos_pais,CUW,porcentaje_nulos,50.0,
nulos_pais,CYM,porcentaje_nulos,36.67,
nulos_pais,CYP,porcentaje_nulos,33.33,
nulos_pais,CZE,porcentaje_nulos,30.0,
nulos_pais,DEU,porcentaje_nulos,26.67,
nulos_pais,DJI,porcentaje_nulos,43.33,
nulos_pais,DMA,porcentaje_nulos,20.0,
nulos_pais,DNK,porcentaje_nulos,26.67,
nulos_pais,DOM,porcentaje_nulos,10.0,
nulos_pais,DZA,porcentaje_nulos,20.0,
nulos_pais,ECU,porcentaje_nulos,10.0,
nulos_pais,EGY,porcentaje_nulos,13.33,
nulos_pais,ERI,porcentaje_nulos,63.33,
nulos_pais,ESP,porcentaje_nulos,26.67,
nulos_pais,EST,porcentaje_nulos,26.67,
nulos_pais,ETH,porcentaje_nulos,36.67,
nulos_pais,FIN,porcentaje_nulos,26.67,
nulos_pais,FJI,porcentaje_nulos,36.67,
nulos_pais,FRA,porcentaje_nulos,36.67,
nulos_pais,FRO,porcentaje_nulos,70.0,
nulos_pais,FSM,porcentaje_nulos,30.0,
nulos_pais,GAB,porcentaje_nulos,50.0,
nulos_pais,GBR,porcentaje_nulos,43.33,
nulos_pais,GEO,porcentaje_nulos,3.33,
nulos_pais,GHA,porcentaje_nulos,56.67,
nulos_pais,GIB,porcentaje_nulos,46.67,
nulos_pais,GIN,porcentaje_nulos,53.33,
nulos_pais,GMB,porcentaje_nulos,20.0,
nulos_pais,GNB,porcentaje_nulos,60.0,
nulos_pais,GNQ,porcentaje_nulos,56.67,
nulos_pais,GRC,porcentaje_nulos,33.33,
nulos_pais,GRD,porcentaje_nulos,40.0,
nulos_pais,GRL,porcentaje_nulos,70.0,
nulos_pais,GTM,porcentaje_nulos,26.67,
nulos_pais,GUM,porcentaje_nulos,76.67,
nulos_pais,GUY,porcentaje_nulos,26.67,
nulos_pais,HKG,porcentaje_nulos,40.0,
nulos_pais,HND,porcentaje_nulos,16.67,
nulos_pais,HRV,porcentaje_nulos,33.33,
nulos_pais,HTI,porcentaje_nulos,53.33,
nulos_pais,HUN,porcentaje_nulos,30.0,
nulos_pais,IDN,porcentaje_nulos,10.0,
nulos_pais,IMN,porcentaje_nulos,76.67,
nulos_pais,IND,porcentaje_nulos,6.67,
nulos_pais,IRL,porcentaje_nulos,43.33,
nulos_pais,IRN,porcentaje_nulos,43.33,
nulos_pais,IRQ,porcentaje_nulos,53.33,
nulos_pais,ISL,porcentaje_nulos,30.0,
nulos_pais,ISR,porcentaje_nulos,33.33,
nulos_pais,ITA,porcentaje_nulos,30.0,
nulos_pais,JAM,porcentaje_nulos,26.67,
nulos_pais,JOR,porcentaje_nulos,16.67,
nulos_pais,JPN,porcentaje_nulos,46.67,
nulos_pais,KAZ,porcentaje_nulos,23.33,
nulos_pais,KEN,porcentaje_nulos,20.0,
nulos_pais,KGZ,porcentaje_nulos,33.33,
nulos_pais,KHM,porcentaje_nulos,13.33,
nulos_pais,KIR,porcentaje_nulos,23.33,
nulos_pais,KNA,porcentaje_nulos,30.0,
nulos_pais,KOR,porcentaje_nulos,36.67,
nulos_pais,KWT,porcentaje_nulos,60.0,
nulos_pais,LAO,porcentaje_nulos,26.67,
nulos_pais,LBN,porcentaje_nulos,23.33,
nulos_pais,LBR,porcentaje_nulos,56.67,
nulos_pais,LBY,porcentaje_nulos,63.33,
nulos_pais,LCA,porcentaje_nulos,23.33,
nulos_pais,LIE,porcentaje_nulos,66.67,
nulos_pais,LKA,porcentaje_nulos,16.67,
nulos_pais,LSO,porcentaje_nulos,43.33,
nulos_pais,LTU,porcentaje_nulos,20.0,
nulos_pais,LUX,porcentaje_nulos,30.0,
nulos_pais,LVA,porcentaje_nulos,30.0,
nulos_pais,MAC,porcentaje_nulos,30.0,
nulos_pais,MAF,porcentaje_nulos,80.0,
nulos_pais,MAR,porcentaje_nulos,23.33,
nulos_pais,MCO,porcentaje_nulos,43.33,
nulos_pais,MDA,porcentaje_nulos,26.67,
nulos_pais,MDG,porcentaje_nulos,36.67,
nulos_pais,MDV,porcentaje_nulos,23.33,
nulos_pais,MEX,porcentaje_nulos,33.33,
nulos_pais,MHL,porcentaje_nulos,40.0,
nulos_pais,MKD,porcentaje_nulos,36.67,
nulos_pais,MLI,porcentaje_nulos,23.33,
nulos_pais,MLT,porcentaje_nulos,33.33,
nulos_pais,MMR,porcentaje_nulos,60.0,
nulos_pais,MNE,porcentaje_nulos,43.33,
nulos_pais,MNG,porcentaje_nulos,16.67,
nulos_pais,MNP,porcentaje_nulos,76.67,
nulos_pais,MOZ,porcentaje_nulos,60.0,
nulos_pais,MRT,porcentaje_nulos,56.67,
nulos_pais,MSR,porcentaje_nulos,76.67,
nulos_pais,MTQ,porcentaje_nulos,96.67,
nulos_pais,MUS,porcentaje_nulos,10.0,
nulos_pais,MWI,porcentaje_nulos,36.67,
nulos_pais,MYS,porcentaje_nulos,20.0,
nulos_pais,NAM,porcentaje_nulos,26.67,
nulos_pais,NCL,porcentaje_nulos,66.67,
nulos_pais,NER,porcentaje_nulos,26.67,
nulos_pais,NGA,porcentaje_nulos,40.0,
nulos_pais,NIC,porcentaje_nulos,40.0,
nulos_pais,NIU,porcentaje_nulos,76.67,
nulos_pais,NLD,porcentaje_nulos,36.67,
nulos_pais,NOR,porcentaje_nulos,30.0,
nulos_pais,NPL,porcentaje_nulos,30.0,
nulos_pais,NRU,porcentaje_nulos,26.67,
nulos_pais,NZL,porcentaje_nulos,36.67,
nulos_pais,OMN,porcentaje_nulos,43.33,
nulos_pais,PAK,porcentaje_nulos,30.0,
nulos_pais,PAN,porcentaje_nulos,16.67,
nulos_pais,PER,porcentaje_nulos,23.33,
nulos_pais,PHL,porcentaje_nulos,13.33,
nulos_pais,PLW,porcentaje_nulos,23.33,
nulos_pais,PNG,porcentaje_nulos,40.0,
nulos_pais,POL,porcentaje_nulos,36.67,
nulos_pais,PRI,porcentaje_nulos,23.33,
nulos_pais,PRK,porcentaje_nulos,73.33,
nulos_pais,PRT,porcentaje_nulos,36.67,
nulos_pais,PRY,porcentaje_nulos,26.67,
nulos_pais,PSE,porcentaje_nulos,23.33,
nulos_pais,PYF,porcentaje_nulos,70.0,
nulos_pais,QAT,porcentaje_nulos,43.33,
nulos_pais,REU,porcentaje_nulos,96.67,
nulos_pais,ROU,porcentaje_nulos,30.0,
nulos_pais,RUS,porcentaje_nulos,36.67,
nulos_pais,RWA,porcentaje_nulos,23.33,
nulos_pais,SAU,porcentaje_nulos,50.0,
nulos_pais,SDN,porcentaje_nulos,60.0,
nulos_pais,SEN,porcentaje_nulos,16.67,
nulos_pais,SGP,porcentaje_nulos,23.33,
nulos_pais,SHN,porcentaje_nulos,96.67,
nulos_pais,SLB,porcentaje_nulos,36.67,
nulos_pais,SLE,porcentaje_nulos,33.33,
nulos_pais,SLV,porcentaje_nulos,26.67,
nulos_pais,SMR,porcentaje_nulos,26.67,
nulos_pais,SOM,porcentaje_nulos,50.0,
nulos_pais,SRB,porcentaje_nulos,43.33,
nulos_pais,SSD,porcentaje_nulos,66.67,
nulos_pais,STP,porcentaje_nulos,53.33,
nulos_pais,SUR,porcentaje_nulos,40.0,
nulos_pais,SVK,porcentaje_nulos,10.0,
nulos_pais,SVN,porcentaje_nulos,26.67,
nulos_pais,SWE,porcentaje_nulos,30.0,
nulos_pais,SWZ,porcentaje_nulos,30.0,
nulos_pais,SXM,porcentaje_nulos,60.0,
nulos_pais,SYC,porcentaje_nulos,23.33,
nulos_pais,SYR,porcentaje_nulos,33.33,
nulos_pais,TCA,porcentaje_nulos,33.33,
nulos_pais,TCD,porcentaje_nulos,20.0,
nulos_pais,TGO,porcentaje_nulos,30.0,
nulos_pais,THA,porcentaje_nulos,16.67,
nulos_pais,TJK,porcentaje_nulos,46.67,
nulos_pais,TKL,porcentaje_nulos,80.0,
nulos_pais,TKM,porcentaje_nulos,23.33,
nulos_pais,TLS,porcentaje_nulos,26.67,
nulos_pais,TON,porcentaje_nulos,30.0,
nulos_pais,TTO,porcentaje_nulos,40.0,
nulos_pais,TUN,porcentaje_nulos,23.33,
nulos_pais,TUR,porcentaje_nulos,46.67,
nulos_pais,TUV,porcentaje_nulos,33.33,
nulos_pais,TZA,porcentaje_nulos,36.67,
nulos_pais,UGA,porcentaje_nulos,60.0,
nulos_pais,UKR,porcentaje_nulos,36.67,
nulos_pais,URY,porcentaje_nulos,20.0,
nulos_pais,USA,porcentaje_nulos,43.33,
nulos_pais,UZB,porcentaje_nulos,16.67,
nulos_pais,VCT,porcentaje_nulos,46.67,
nulos_pais,VEN,porcentaje_nulos,46.67,
nulos_pais,VGB,porcentaje_nulos,30.0,
nulos_pais,VIR,porcentaje_nulos,76.67,
nulos_pais,VNM,porcentaje_nulos,33.33,
nulos_pais,VUT,porcentaje_nulos,36.67,
nulos_pais,WSM,porcentaje_nulos,26.67,
nulos_pais,XKX,porcentaje_nulos,80.0,
nulos_pais,YEM,porcentaje_nulos,63.33,
nulos_pais,ZAF,porcentaje_nulos,26.67,
nulos_pais,ZMB,porcentaje_nulos,50.0,
nulos_pais,ZWE,porcentaje_nulos,30.0,
nulos_porcentaje_columna,columna,country_code,0.0,
nulos_porcentaje_columna,columna,des_crecimiento_poblacion_rural,8.89,
nulos_porcentaje_columna,columna,des_deflactor_inflacion_gdp,9.78,
nulos_porcentaje_columna,columna,des_densidad_poblacion,4.44,
nulos_porcentaje_columna,columna,des_gdp_per_capita,9.78,
nulos_porcentaje_columna,columna,des_hdi,62.22,
nulos_porcentaje_columna,columna,des_poblacion_rural,3.56,
nulos_porcentaje_columna,columna,des_tasa_mortalidad_infantil,12.89,
nulos_porcentaje_columna,columna,des_tasa_natalidad,3.56,
nulos_porcentaje_columna,columna,des_tasa_pobreza,76.44,
nulos_porcentaje_columna,columna,edu_educational_attainment_rate,57.33,
nulos_porcentaje_columna,columna,edu_literacy_rate,86.67,
nulos_porcentaje_columna,columna,edu_lower_secondary_schools_electricity,56.89,
nulos_porcentaje_columna,columna,edu_out_of_school_children_female,53.33,
nulos_porcentaje_columna,columna,edu_out_of_school_children_male,53.33,
nulos_porcentaje_columna,columna,edu_primary_completion_rate,40.89,
nulos_porcentaje_columna,columna,edu_primary_schools_electricity,55.11,
nulos_porcentaje_columna,columna,edu_primary_schools_internet,58.67,
nulos_porcentaje_columna,columna,edu_public_expenditure_education,46.22,
nulos_porcentaje_columna,columna,edu_school_enrollment_primary,28.44,
nulos_porcentaje_columna,columna,edu_school_enrollment_secondary,36.89,
nulos_porcentaje_columna,columna,edu_secondary_schools_internet,60.44,
nulos_porcentaje_columna,columna,edu_upper_secondary_schools_electricity,55.11,
nulos_porcentaje_columna,columna,edu_years_compulsory_education,4.89,
nulos_porcentaje_columna,columna,edu_years_free_primary_secondary,15.11,
nulos_porcentaje_columna,columna,elec_electricity_access_rural,7.11,
nulos_porcentaje_columna,columna,elec_electricity_access_total,4.44,
nulos_porcentaje_columna,columna,elec_electricity_access_urban,5.33,
nulos_porcentaje_columna,columna,elec_electricity_consumption,68.44,
nulos_porcentaje_columna,columna,elec_gdp_per_unit_energy_use,68.89,
nulos_porcentaje_columna,columna,elec_private_investment_energy,76.44,
nulos_porcentaje_columna,columna,year,0.0,
outliers,columna,des_crecimiento_poblacion_rural_iqr,1.8615,
outliers,columna,des_crecimiento_poblacion_rural_limite_inferior,-3.4296,
outliers,columna,des_crecimiento_poblacion_rural_limite_superior,4.0165,
outliers,columna,des_crecimiento_poblacion_rural_n_outliers,9.0,
outliers,columna,des_crecimiento_poblacion_rural_pct_outliers,4.39,
outliers,columna,des_crecimiento_poblacion_rural_q1,-0.6373,
outliers,columna,des_crecimiento_poblacion_rural_q3,1.2242,
outliers,columna,des_deflactor_inflacion_gdp_iqr,5.5961,
outliers,columna,des_deflactor_inflacion_gdp_limite_inferior,-6.0505,
outliers,columna,des_deflactor_inflacion_gdp_limite_superior,16.3339,
outliers,columna,des_deflactor_inflacion_gdp_n_outliers,37.0,
outliers,columna,des_deflactor_inflacion_gdp_pct_outliers,18.23,
outliers,columna,des_deflactor_inflacion_gdp_q1,2.3437,
outliers,columna,des_deflactor_inflacion_gdp_q3,7.9397,
outliers,columna,des_densidad_poblacion_iqr,201.7511,
outliers,columna,des_densidad_poblacion_limite_inferior,-262.8063,
outliers,columna,des_densidad_poblacion_limite_superior,544.198,
outliers,columna,des_densidad_poblacion_n_outliers,20.0,
outliers,columna,des_densidad_poblacion_pct_outliers,9.3,
outliers,columna,des_densidad_poblacion_q1,39.8203,
outliers,columna,des_densidad_poblacion_q3,241.5714,
outliers,columna,des_gdp_per_capita_iqr,26879.5147,
outliers,columna,des_gdp_per_capita_limite_inferior,-37421.7194,
outliers,columna,des_gdp_per_capita_limite_superior,70096.3396,
outliers,columna,des_gdp_per_capita_n_outliers,14.0,
outliers,columna,des_gdp_per_capita_pct_outliers,6.9,
outliers,columna,des_gdp_per_capita_q1,2897.5527,
outliers,columna,des_gdp_per_capita_q3,29777.0675,
outliers,columna,des_hdi_iqr,0.225,
outliers,columna,des_hdi_limite_inferior,0.3365,
outliers,columna,des_hdi_limite_superior,1.2365,
outliers,columna,des_hdi_n_outliers,0.0,
outliers,columna,des_hdi_pct_outliers,0.0,
outliers,columna,des_hdi_q1,0.674,
outliers,columna,des_hdi_q3,0.899,
outliers,columna,des_poblacion_rural_iqr,9650581.0,
outliers,columna,des_poblacion_rural_limite_inferior,-14268083.5,
outliers,columna,des_poblacion_rural_limite_superior,24334240.5,
outliers,columna,des_poblacion_rural_n_outliers,23.0,
outliers,columna,des_poblacion_rural_pct_outliers,10.6,
outliers,columna,des_poblacion_rural_q1,207788.0,
outliers,columna,des_poblacion_rural_q3,9858369.0,
outliers,columna,des_tasa_mortalidad_infantil_iqr,24.525,
outliers,columna,des_tasa_mortalidad_infantil_limite_inferior,-31.7875,
outliers,columna,des_tasa_mortalidad_infantil_limite_superior,66.3125,
outliers,columna,des_tasa_mortalidad_infantil_n_outliers,3.0,
outliers,columna,des_tasa_mortalidad_infantil_pct_outliers,1.53,
outliers,columna,des_tasa_mortalidad_infantil_q1,5.0,
outliers,columna,des_tasa_mortalidad_infantil_q3,29.525,
outliers,columna,des_tasa_natalidad_iqr,14.802,
outliers,columna,des_tasa_natalidad_limite_inferior,-12.429,
outliers,columna,des_tasa_natalidad_limite_superior,46.779,
outliers,columna,des_tasa_natalidad_n_outliers,0.0,
outliers,columna,des_tasa_natalidad_pct_outliers,0.0,
outliers,columna,des_tasa_natalidad_q1,9.774,
outliers,columna,des_tasa_natalidad_q3,24.576,
outliers,columna,des_tasa_pobreza_iqr,3.5,
outliers,columna,des_tasa_pobreza_limite_inferior,-5.05,
outliers,columna,des_tasa_pobreza_limite_superior,8.95,
outliers,columna,des_tasa_pobreza_n_outliers,3.0,
outliers,columna,des_tasa_pobreza_pct_outliers,5.66,
outliers,columna,des_tasa_pobreza_q1,0.2,
outliers,columna,des_tasa_pobreza_q3,3.7,
outliers,columna,edu_educational_attainment_rate_iqr,13.9197,
outliers,columna,edu_educational_attainment_rate_limite_inferior,64.7024,
outliers,columna,edu_educational_attainment_rate_limite_superior,120.381,
outliers,columna,edu_educational_attainment_rate_n_outliers,10.0,
outliers,columna,edu_educational_attainment_rate_pct_outliers,10.42,
outliers,columna,edu_educational_attainment_rate_q1,85.5819,
outliers,columna,edu_educational_attainment_rate_q3,99.5015,
outliers,columna,edu_literacy_rate_iqr,10.18,
outliers,columna,edu_literacy_rate_limite_inferior,71.9575,
outliers,columna,edu_literacy_rate_limite_superior,112.6775,
outliers,columna,edu_literacy_rate_n_outliers,2.0,
outliers,columna,edu_literacy_rate_pct_outliers,6.67,
outliers,columna,edu_literacy_rate_q1,87.2275,
outliers,columna,edu_literacy_rate_q3,97.4075,
outliers,columna,edu_lower_secondary_schools_electricity_iqr,8.9006,
outliers,columna,edu_lower_secondary_schools_electricity_limite_inferior,77.7485,
outliers,columna,edu_lower_secondary_schools_electricity_limite_superior,113.3509,
outliers,columna,edu_lower_secondary_schools_electricity_n_outliers,17.0,
outliers,columna,edu_lower_secondary_schools_electricity_pct_outliers,17.53,
outliers,columna,edu_lower_secondary_schools_electricity_q1,91.0994,
outliers,columna,edu_lower_secondary_schools_electricity_q3,100.0,
outliers,columna,edu_out_of_school_children_female_iqr,60047.0,
outliers,columna,edu_out_of_school_children_female_limite_inferior,-88424.5,
outliers,columna,edu_out_of_school_children_female_limite_superior,151763.5,
outliers,columna,edu_out_of_school_children_female_n_outliers,16.0,
outliers,columna,edu_out_of_school_children_female_pct_outliers,15.24,
outliers,columna,edu_out_of_school_children_female_q1,1646.0,
outliers,columna,edu_out_of_school_children_female_q3,61693.0,
outliers,columna,edu_out_of_school_children_male_iqr,73419.7836,
outliers,columna,edu_out_of_school_children_male_limite_inferior,-107934.6753,
outliers,columna,edu_out_of_school_children_male_limite_superior,185744.4589,
outliers,columna,edu_out_of_school_children_male_n_outliers,16.0,
outliers,columna,edu_out_of_school_children_male_pct_outliers,15.24,
outliers,columna,edu_out_of_school_children_male_q1,2195.0,
outliers,columna,edu_out_of_school_children_male_q3,75614.7836,
outliers,columna,edu_primary_completion_rate_iqr,12.5695,
outliers,columna,edu_primary_completion_rate_limite_inferior,68.7759,
outliers,columna,edu_primary_completion_rate_limite_superior,119.054,
outliers,columna,edu_primary_completion_rate_n_outliers,15.0,
outliers,columna,edu_primary_completion_rate_pct_outliers,11.28,
outliers,columna,edu_primary_completion_rate_q1,87.6302,
outliers,columna,edu_primary_completion_rate_q3,100.1997,
outliers,columna,edu_primary_schools_electricity_iqr,18.0556,
outliers,columna,edu_primary_schools_electricity_limite_inferior,54.8611,
outliers,columna,edu_primary_schools_electricity_limite_superior,127.0833,
outliers,columna,edu_primary_schools_electricity_n_outliers,16.0,
outliers,columna,edu_primary_schools_electricity_pct_outliers,15.84,
outliers,columna,edu_primary_schools_electricity_q1,81.9444,
outliers,columna,edu_primary_schools_electricity_q3,100.0,
outliers,columna,edu_primary_schools_internet_iqr,61.3821,
outliers,columna,edu_primary_schools_internet_limite_inferior,-53.4553,
outliers,columna,edu_primary_schools_internet_limite_superior,192.0732,
outliers,columna,edu_primary_schools_internet_n_outliers,0.0,
outliers,columna,edu_primary_schools_internet_pct_outliers,0.0,
outliers,columna,edu_primary_schools_internet_q1,38.6179,
outliers,columna,edu_primary_schools_internet_q3,100.0,
outliers,columna,edu_public_expenditure_education_iqr,2.2914,
outliers,columna,edu_public_expenditure_education_limite_inferior,-0.7242,
outliers,columna,edu_public_expenditure_education_limite_superior,8.4414,
outliers,columna,edu_public_expenditure_education_n_outliers,2.0,
outliers,columna,edu_public_expenditure_education_pct_outliers,1.65,
outliers,columna,edu_public_expenditure_education_q1,2.7129,
outliers,columna,edu_public_expenditure_education_q3,5.0043,
outliers,columna,edu_school_enrollment_primary_iqr,10.1326,
outliers,columna,edu_school_enrollment_primary_limite_inferior,79.8394,
outliers,columna,edu_school_enrollment_primary_limite_superior,120.3696,
outliers,columna,edu_school_enrollment_primary_n_outliers,17.0,
outliers,columna,edu_school_enrollment_primary_pct_outliers,10.56,
outliers,columna,edu_school_enrollment_primary_q1,95.0383,
outliers,columna,edu_school_enrollment_primary_q3,105.1708,
outliers,columna,edu_school_enrollment_secondary_iqr,23.5495,
outliers,columna,edu_school_enrollment_secondary_limite_inferior,44.894,
outliers,columna,edu_school_enrollment_secondary_limite_superior,139.0919,
outliers,columna,edu_school_enrollment_secondary_n_outliers,12.0,
outliers,columna,edu_school_enrollment_secondary_pct_outliers,8.45,
outliers,columna,edu_school_enrollment_secondary_q1,80.2182,
outliers,columna,edu_school_enrollment_secondary_q3,103.7677,
outliers,columna,edu_secondary_schools_internet_iqr,42.172,
outliers,columna,edu_secondary_schools_internet_limite_inferior,-5.4299,
outliers,columna,edu_secondary_schools_internet_limite_superior,163.2579,
outliers,columna,edu_secondary_schools_internet_n_outliers,0.0,
outliers,columna,edu_secondary_schools_internet_pct_outliers,0.0,
outliers,columna,edu_secondary_schools_internet_q1,57.828,
outliers,columna,edu_secondary_schools_internet_q3,100.0,
outliers,columna,edu_upper_secondary_schools_electricity_iqr,6.1806,
outliers,columna,edu_upper_secondary_schools_electricity_limite_inferior,84.5486,
outliers,columna,edu_upper_secondary_schools_electricity_limite_superior,109.2708,
outliers,columna,edu_upper_secondary_schools_electricity_n_outliers,13.0,
outliers,columna,edu_upper_secondary_schools_electricity_pct_outliers,12.87,
outliers,columna,edu_upper_secondary_schools_electricity_q1,93.8194,
outliers,columna,edu_upper_secondary_schools_electricity_q3,100.0,
outliers,columna,edu_years_compulsory_education_iqr,3.0,
outliers,columna,edu_years_compulsory_education_limite_inferior,3.5,
outliers,columna,edu_years_compulsory_education_limite_superior,15.5,
outliers,columna,edu_years_compulsory_education_n_outliers,14.0,
outliers,columna,edu_years_compulsory_education_pct_outliers,6.54,
outliers,columna,edu_years_compulsory_education_q1,8.0,
outliers,columna,edu_years_compulsory_education_q3,11.0,
outliers,columna,edu_years_free_primary_secondary_iqr,2.5,
outliers,columna,edu_years_free_primary_secondary_limite_inferior,5.75,
outliers,columna,edu_years_free_primary_secondary_limite_superior,15.75,
outliers,columna,edu_years_free_primary_secondary_n_outliers,4.0,
outliers,columna,edu_years_free_primary_secondary_pct_outliers,2.09,
outliers,columna,edu_years_free_primary_secondary_q1,9.5,
outliers,columna,edu_years_free_primary_secondary_q3,12.0,
outliers,columna,elec_electricity_access_rural_iqr,14.9,
outliers,columna,elec_electricity_access_rural_limite_inferior,62.75,
outliers,columna,elec_electricity_access_rural_limite_superior,122.35,
outliers,columna,elec_electricity_access_rural_n_outliers,41.0,
outliers,columna,elec_electricity_access_rural_pct_outliers,19.62,
outliers,columna,elec_electricity_access_rural_q1,85.1,
outliers,columna,elec_electricity_access_rural_q3,100.0,
outliers,columna,elec_electricity_access_total_iqr,11.65,
outliers,columna,elec_electricity_access_total_limite_inferior,70.875,
outliers,columna,elec_electricity_access_total_limite_superior,117.475,
outliers,columna,elec_electricity_access_total_n_outliers,39.0,
outliers,columna,elec_electricity_access_total_pct_outliers,18.14,
outliers,columna,elec_electricity_access_total_q1,88.35,
outliers,columna,elec_electricity_access_total_q3,100.0,
outliers,columna,elec_electricity_access_urban_iqr,2.3,
outliers,columna,elec_electricity_access_urban_limite_inferior,94.25,
outliers,columna,elec_electricity_access_urban_limite_superior,103.45,
outliers,columna,elec_electricity_access_urban_n_outliers,41.0,
outliers,columna,elec_electricity_access_urban_pct_outliers,19.25,
outliers,columna,elec_electricity_access_urban_q1,97.7,
outliers,columna,elec_electricity_access_urban_q3,100.0,
outliers,columna,elec_electricity_consumption_iqr,3823.7004,
outliers,columna,elec_electricity_consumption_limite_inferior,-3138.5471,
outliers,columna,elec_electricity_consumption_limite_superior,12156.2546,
outliers,columna,elec_electricity_consumption_n_outliers,5.0,
outliers,columna,elec_electricity_consumption_pct_outliers,7.04,
outliers,columna,elec_electricity_consumption_q1,2597.0035,
outliers,columna,elec_electricity_consumption_q3,6420.7039,
outliers,columna,elec_gdp_per_unit_energy_use_iqr,7.9906,
outliers,columna,elec_gdp_per_unit_energy_use_limite_inferior,0.32,
outliers,columna,elec_gdp_per_unit_energy_use_limite_superior,32.2823,
outliers,columna,elec_gdp_per_unit_energy_use_n_outliers,3.0,
outliers,columna,elec_gdp_per_unit_energy_use_pct_outliers,4.29,
outliers,columna,elec_gdp_per_unit_energy_use_q1,12.3058,
outliers,columna,elec_gdp_per_unit_energy_use_q3,20.2964,
outliers,columna,elec_private_investment_energy_iqr,417500000.0,
outliers,columna,elec_private_investment_energy_limite_inferior,-596250000.0,
outliers,columna,elec_private_investment_energy_limite_superior,1073750000.0,
outliers,columna,elec_private_investment_energy_n_outliers,6.0,
outliers,columna,elec_private_investment_energy_pct_outliers,11.32,
outliers,columna,elec_private_investment_energy_q1,30000000.0,
outliers,columna,elec_private_investment_energy_q3,447500000.0,
paises_problematicos,AIA,porcentaje_nulos,76.67,
paises_problematicos,ASM,porcentaje_nulos,86.67,
paises_problematicos,CHI,porcentaje_nulos,73.33,
paises_problematicos,COK,porcentaje_nulos,76.67,
paises_problematicos,FRO,porcentaje_nulos,70.0,
paises_problematicos,GRL,porcentaje_nulos,70.0,
paises_problematicos,GUM,porcentaje_nulos,76.67,
paises_problematicos,IMN,porcentaje_nulos,76.67,
paises_problematicos,MAF,porcentaje_nulos,80.0,
paises_problematicos,MNP,porcentaje_nulos,76.67,
paises_problematicos,MSR,porcentaje_nulos,76.67,
paises_problematicos,MTQ,porcentaje_nulos,96.67,
paises_problematicos,NIU,porcentaje_nulos,76.67,
paises_problematicos,PRK,porcentaje_nulos,73.33,
paises_problematicos,PYF,porcentaje_nulos,70.0,
paises_problematicos,REU,porcentaje_nulos,96.67,
paises_problematicos,SHN,porcentaje_nulos,96.67,
paises_problematicos,TKL,porcentaje_nulos,80.0,
paises_problematicos,VIR,porcentaje_nulos,76.67,
paises_problematicos,XKX,porcentaje_nulos,80.0,
resumen_final,dataset,n_columnas_problematicas,3.0,
resumen_final,dataset,n_columnas_problematicas,3.0,
resumen_final,dataset,n_paises_finales,225.0,
resumen_final,dataset,n_paises_finales,225.0,
resumen_final,dataset,n_paises_problematicos,20.0,
resumen_final,dataset,n_paises_problematicos,20.0,
resumen_final,dataset,n_variables_analizadas,30.0,
resumen_final,dataset,n_variables_analizadas,30.0,
resumen_final,dataset,n_variables_numericas,30.0,
resumen_final,dataset,n_variables_numericas,30.0,
resumen_final,dataset,n_variables_totales,32.0,
resumen_final,dataset,n_variables_totales,32.0,
resumen_variables_numericas,dataset,n_variables_numericas,30.0,
