Data Source;Indicadores del desarrollo mundial;;;;;;;;;;;;;;;;;;;;;;;;;;;;;;;;;;;;;;;;;;;;;;;;;;;;;;;;;;;;;;;;;;;;
;;;;;;;;;;;;;;;;;;;;;;;;;;;;;;;;;;;;;;;;;;;;;;;;;;;;;;;;;;;;;;;;;;;;;
Last Updated Date;2026-01-28;;;;;;;;;;;;;;;;;;;;;;;;;;;;;;;;;;;;;;;;;;;;;;;;;;;;;;;;;;;;;;;;;;;;
;;;;;;;;;;;;;;;;;;;;;;;;;;;;;;;;;;;;;;;;;;;;;;;;;;;;;;;;;;;;;;;;;;;;;
Country Name;Country Code;Indicator Name;Indicator Code;1960;1961;1962;1963;1964;1965;1966;1967;1968;1969;1970;1971;1972;1973;1974;1975;1976;1977;1978;1979;1980;1981;1982;1983;1984;1985;1986;1987;1988;1989;1990;1991;1992;1993;1994;1995;1996;1997;1998;1999;2000;2001;2002;2003;2004;2005;2006;2007;2008;2009;2010;2011;2012;2013;2014;2015;2016;2017;2018;2019;2020;2021;2022;2023;2024;
Aruba;ABW;Tasa de incidencia de la pobreza, sobre la base de $3,00 por día (2021 PPA) (% de la población);SI.POV.DDAY;;;;;;;;;;;;;;;;;;;;;;;;;;;;;;;;;;;;;;;;;;;;;;;;;;;;;;;;;;;;;;;;;;
;AFE;Tasa de incidencia de la pobreza, sobre la base de $3,00 por día (2021 PPA) (% de la población);SI.POV.DDAY;;;;;;;;;;;;;;;;;;;;;;;;;;;;;;;;;;;;;;;;;;;;;;;;;;;;;;;;;;;;;;;;;;
Afganistán;AFG;Tasa de incidencia de la pobreza, sobre la base de $3,00 por día (2021 PPA) (% de la población);SI.POV.DDAY;;;;;;;;;;;;;;;;;;;;;;;;;;;;;;;;;;;;;;;;;;;;;;;;;;;;;;;;;;;;;;;;;;
;AFW;Tasa de incidencia de la pobreza, sobre la base de $3,00 por día (2021 PPA) (% de la población);SI.POV.DDAY;;;;;;;;;;;;;;;;;;;;;;;;;;;;;;;;;;;;;;;;;;;;;;;;;;;;;;;;;;;;;;;;;;
Angola;AGO;Tasa de incidencia de la pobreza, sobre la base de $3,00 por día (2021 PPA) (% de la población);SI.POV.DDAY;;;;;;;;;;;;;;;;;;;;;;;;;;;;;;;;;;;;;;;;;27;;;;;;;;22.1;;;;;;;;;;39.3;;;;;;;
Albania;ALB;Tasa de incidencia de la pobreza, sobre la base de $3,00 por día (2021 PPA) (% de la población);SI.POV.DDAY;;;;;;;;;;;;;;;;;;;;;;;;;;;;;;;;;;;;;3;;;;;;4.2;;;2.7;;;0.8;;;;1.8;;3.7;1.1;1.1;1.4;1;0.3;0.3;;;;;
Andorra;AND;Tasa de incidencia de la pobreza, sobre la base de $3,00 por día (2021 PPA) (% de la población);SI.POV.DDAY;;;;;;;;;;;;;;;;;;;;;;;;;;;;;;;;;;;;;;;;;;;;;;;;;;;;;;;;;;;;;;;;;;
El mundo árabe;ARB;Tasa de incidencia de la pobreza, sobre la base de $3,00 por día (2021 PPA) (% de la población);SI.POV.DDAY;;;;;;;;;;;;;;;;;;;;;;;;;;;;;;;;;;;;;;;;;;;;;;;;;;;;;;;;;;;;;;;;;;
Emiratos Árabes Unidos;ARE;Tasa de incidencia de la pobreza, sobre la base de $3,00 por día (2021 PPA) (% de la población);SI.POV.DDAY;;;;;;;;;;;;;;;;;;;;;;;;;;;;;;;;;;;;;;;;;;;;;;;;;;;;;;0;;;;;0;;;;;;;
Argentina;ARG;Tasa de incidencia de la pobreza, sobre la base de $3,00 por día (2021 PPA) (% de la población);SI.POV.DDAY;;;;;;;;;;;;;;;;;;;;;0;;;;;;1.3;1.5;;;;1.3;2.5;2.9;2.7;5.1;5.4;5.2;5.7;5.9;7.3;10.7;17.1;8.2;6;4.4;3.5;2.8;2.6;2.4;1.5;1.2;1.3;1.1;1.1;;1.3;1.1;1.6;1.7;2.2;1.4;1.3;1.2;1;
Armenia;ARM;Tasa de incidencia de la pobreza, sobre la base de $3,00 por día (2021 PPA) (% de la población);SI.POV.DDAY;;;;;;;;;;;;;;;;;;;;;;;;;;;;;;;;;;;;;21.6;;;21.2;;24.1;19.8;14.8;10.3;6.1;4.5;3.7;2;3.1;2.9;3.1;2.5;2.9;3.4;2.9;2.5;2.4;2.9;2.4;1.5;2.1;1.9;1.9;;
Samoa Americana;ASM;Tasa de incidencia de la pobreza, sobre la base de $3,00 por día (2021 PPA) (% de la población);SI.POV.DDAY;;;;;;;;;;;;;;;;;;;;;;;;;;;;;;;;;;;;;;;;;;;;;;;;;;;;;;;;;;;;;;;;;;
Antigua y Barbuda;ATG;Tasa de incidencia de la pobreza, sobre la base de $3,00 por día (2021 PPA) (% de la población);SI.POV.DDAY;;;;;;;;;;;;;;;;;;;;;;;;;;;;;;;;;;;;;;;;;;;;;;;;;;;;;;;;;;;;;;;;;;
Australia;AUS;Tasa de incidencia de la pobreza, sobre la base de $3,00 por día (2021 PPA) (% de la población);SI.POV.DDAY;;;;;;;;;;;;;;;;;;;;;;1;;;;1;;;;0.7;;;;;;1;;;;;;1;;1;0.7;;;;0.7;;0.3;;;;0.5;;0.5;;0.5;;1;;;;;
Austria;AUT;Tasa de incidencia de la pobreza, sobre la base de $3,00 por día (2021 PPA) (% de la población);SI.POV.DDAY;;;;;;;;;;;;;;;;;;;;;;;;;;;;;;;;;;;0.2;0;0;0.2;0.2;0.2;0.2;;;0.4;0.1;0.2;0.1;0.4;0.5;0.7;0.5;0.5;0.7;0.3;0.2;0.7;0.7;0.3;0.6;0.6;0.7;0.5;0.6;0.5;;
Azerbaiyán;AZE;Tasa de incidencia de la pobreza, sobre la base de $3,00 por día (2021 PPA) (% de la población);SI.POV.DDAY;;;;;;;;;;;;;;;;;;;;;;;;;;;;;;;;;;;;19.7;;;;;;11.4;0.2;0.2;0;0;;;;;;;;;;;;;;;;;;;;
Burundi;BDI;Tasa de incidencia de la pobreza, sobre la base de $3,00 por día (2021 PPA) (% de la población);SI.POV.DDAY;;;;;;;;;;;;;;;;;;;;;;;;;;;;;;;;;85;;;;;;87.6;;;;;;;;81.5;;;;;;;75.8;;;;;;;74.2;;;;;
Bélgica;BEL;Tasa de incidencia de la pobreza, sobre la base de $3,00 por día (2021 PPA) (% de la población);SI.POV.DDAY;;;;;;;;;;;;;;;;;;;;;;;;;;0.2;;;0.7;;;;1;;;0.7;;0.5;;;0.3;;;0.4;0.1;0.3;0.2;0.2;0.1;0.1;0.1;0.2;0.2;0.1;0.1;0.1;0.1;0.2;0.1;0.1;0.1;0;0;0.1;;
Benin;BEN;Tasa de incidencia de la pobreza, sobre la base de $3,00 por día (2021 PPA) (% de la población);SI.POV.DDAY;;;;;;;;;;;;;;;;;;;;;;;;;;;;;;;;;;;;;;;;;;;;70.5;;;;;;;;68.4;;;;65.8;;;37.2;;;27.2;;;;
Burkina Faso;BFA;Tasa de incidencia de la pobreza, sobre la base de $3,00 por día (2021 PPA) (% de la población);SI.POV.DDAY;;;;;;;;;;;;;;;;;;;;;;;;;;;;;;;;;;;87.6;;;;86.4;;;;;69.6;;;;;;67.2;;;;;58.7;;;;47.7;;;42.1;;;;
Bangladesh;BGD;Tasa de incidencia de la pobreza, sobre la base de $3,00 por día (2021 PPA) (% de la población);SI.POV.DDAY;;;;;;;;;;;;;;;;;;;;;;;;47.1;;41.4;;;51.1;;;51.2;;;;43.4;;;;;41.4;;;;;32.3;;;;;25.1;;;;;;19.5;;;;;;5.9;;;
Bulgaria;BGR;Tasa de incidencia de la pobreza, sobre la base de $3,00 por día (2021 PPA) (% de la población);SI.POV.DDAY;;;;;;;;;;;;;;;;;;;;;;;;;;;;;;0;;;0;;0;1.9;;0;;;;4.7;;2.2;;;8;2.5;1.9;1.8;2.7;3.4;3;3.3;2.7;4.6;3.1;2;1.5;1.6;0.7;1.2;1.1;1;;
Bahrein;BHR;Tasa de incidencia de la pobreza, sobre la base de $3,00 por día (2021 PPA) (% de la población);SI.POV.DDAY;;;;;;;;;;;;;;;;;;;;;;;;;;;;;;;;;;;;;;;;;;;;;;;;;;;;;;;;;;;;;;;;;;
Bahamas;BHS;Tasa de incidencia de la pobreza, sobre la base de $3,00 por día (2021 PPA) (% de la población);SI.POV.DDAY;;;;;;;;;;;;;;;;;;;;;;;;;;;;;;;;;;;;;;;;;;;;;;;;;;;;;;;;;;;;;;;;;;
Bosnia y Herzegovina;BIH;Tasa de incidencia de la pobreza, sobre la base de $3,00 por día (2021 PPA) (% de la población);SI.POV.DDAY;;;;;;;;;;;;;;;;;;;;;;;;;;;;;;;;;;;;;;;;;;0.6;;;0.4;;;0.2;;;;0.2;;;;;;;;;;;;;;
Belarús;BLR;Tasa de incidencia de la pobreza, sobre la base de $3,00 por día (2021 PPA) (% de la población);SI.POV.DDAY;;;;;;;;;;;;;;;;;;;;;;;;;;;;;;;;;;3.1;;2.3;;;38.2;33.7;26.5;14.7;10.4;8.7;4.3;2.4;1.1;1.1;0.5;0.5;0.2;0.1;0.1;0;0;0;0;0;0;0;0;;;;;
Belice;BLZ;Tasa de incidencia de la pobreza, sobre la base de $3,00 por día (2021 PPA) (% de la población);SI.POV.DDAY;;;;;;;;;;;;;;;;;;;;;;;;;;;;;;;;;;18;18.1;18.4;23.3;26;26.1;22.5;;;;;;;;;;;;;;;;;;;1;;;;;;;
Bermudas;BMU;Tasa de incidencia de la pobreza, sobre la base de $3,00 por día (2021 PPA) (% de la población);SI.POV.DDAY;;;;;;;;;;;;;;;;;;;;;;;;;;;;;;;;;;;;;;;;;;;;;;;;;;;;;;;;;;;;;;;;;;
Bolivia;BOL;Tasa de incidencia de la pobreza, sobre la base de $3,00 por día (2021 PPA) (% de la población);SI.POV.DDAY;;;;;;;;;;;;;;;;;;;;;;;;;;;;;;;5.8;;13.8;;;;;18.6;;24.6;28.3;22.3;23.9;;13.2;18.7;15.9;12.1;10.6;10;;6.9;7.9;6.8;5.6;6.2;7.2;6.4;4.7;3.1;4.2;3.1;3.3;2.8;;
Brasil;BRA;Tasa de incidencia de la pobreza, sobre la base de $3,00 por día (2021 PPA) (% de la población);SI.POV.DDAY;;;;;;;;;;;;;;;;;;;;;;30.7;31;37.7;36.9;32.4;16.7;25.5;28.1;25.7;30.3;;29.4;28.2;;19.5;20.7;20.4;19.1;20;;17.5;16.2;17.1;15.3;13.7;11.4;10.8;9.1;8.4;;7.1;6.4;5.4;4.7;5.4;6.5;6.9;6.9;7;2.8;7.5;4.9;3.8;;
Barbados;BRB;Tasa de incidencia de la pobreza, sobre la base de $3,00 por día (2021 PPA) (% de la población);SI.POV.DDAY;;;;;;;;;;;;;;;;;;;;;;;;;;;;;;;;;;;;;;;;;;;;;;;;;;;;;;;;;1.7;;;;;;;;;
Brunei Darussalam;BRN;Tasa de incidencia de la pobreza, sobre la base de $3,00 por día (2021 PPA) (% de la población);SI.POV.DDAY;;;;;;;;;;;;;;;;;;;;;;;;;;;;;;;;;;;;;;;;;;;;;;;;;;;;;;;;;;;;;;;;;;
Bhután;BTN;Tasa de incidencia de la pobreza, sobre la base de $3,00 por día (2021 PPA) (% de la población);SI.POV.DDAY;;;;;;;;;;;;;;;;;;;;;;;;;;;;;;;;;;;;;;;;;;;;23.1;;;;12;;;;;3.6;;;;;2.6;;;;;0;;;
Botswana;BWA;Tasa de incidencia de la pobreza, sobre la base de $3,00 por día (2021 PPA) (% de la población);SI.POV.DDAY;;;;;;;;;;;;;;;;;;;;;;;;;;50.1;;;;;;;;42.1;;;;;;;;;34.8;;;;;;;21.1;;;;;;21.4;;;;;;;;;;
República Centroafricana;CAF;Tasa de incidencia de la pobreza, sobre la base de $3,00 por día (2021 PPA) (% de la población);SI.POV.DDAY;;;;;;;;;;;;;;;;;;;;;;;;;;;;;;;;;84.8;;;;;;;;;;;;;;;;67.3;;;;;;;;;;;;;71.6;;;;
Canadá;CAN;Tasa de incidencia de la pobreza, sobre la base de $3,00 por día (2021 PPA) (% de la población);SI.POV.DDAY;;;;;;;;;;;;2.5;;1.7;;1.7;;1.5;;1.2;;1;0.7;;1;0.7;1;0.5;0.7;1.2;1.2;1.2;0.7;1.2;1;0.7;0.5;0.5;0.5;0.5;0.2;0.2;0.2;0.2;0.2;0.2;0.2;0.2;0.2;0.2;0.2;0.2;0.2;0.5;0.2;0.5;0.5;0.5;0.2;0.2;0.2;0.2;;;;
Europa Central y del Báltico;CEB;Tasa de incidencia de la pobreza, sobre la base de $3,00 por día (2021 PPA) (% de la población);SI.POV.DDAY;;;;;;;;;;;;;;;;;;;;;;;;;;;;;;;;;;;;;;;;;;;;;;;;;;;;;;;;;;;;;;;;;;
Suiza;CHE;Tasa de incidencia de la pobreza, sobre la base de $3,00 por día (2021 PPA) (% de la población);SI.POV.DDAY;;;;;;;;;;;;;;;;;;;;;;;0.7;;;;;;;;;;0.7;;;;;;;;0.2;;0;;0.2;;0.1;0.1;0.1;0;0.1;0;0;0;0;0;0;0;0;0;0.1;0;0.2;;;
Islas del Canal;CHI;Tasa de incidencia de la pobreza, sobre la base de $3,00 por día (2021 PPA) (% de la población);SI.POV.DDAY;;;;;;;;;;;;;;;;;;;;;;;;;;;;;;;;;;;;;;;;;;;;;;;;;;;;;;;;;;;;;;;;;;
Chile;CHL;Tasa de incidencia de la pobreza, sobre la base de $3,00 por día (2021 PPA) (% de la población);SI.POV.DDAY;;;;;;;;;;;;;;;;;;;;;;;;;;;;21.7;;;16;;11.1;;10.5;;8;;7.4;;8.6;;;7.9;;;3.3;;;2.6;;1.7;;0.8;;0.7;;0.5;;;1.7;;0.5;;;
China;CHN;Tasa de incidencia de la pobreza, sobre la base de $3,00 por día (2021 PPA) (% de la población);SI.POV.DDAY;;;;;;;;;;;;;;;;;;;;;;97;;;91.4;;;81.4;;;83;;;76.8;;;62;;;58.4;;;48.1;;;33.1;;;26.2;;20.6;15.7;13.2;6.2;4.7;3;2.2;1.7;0.8;0;0;0;0;;;
Côte d'Ivoire;CIV;Tasa de incidencia de la pobreza, sobre la base de $3,00 por día (2021 PPA) (% de la población);SI.POV.DDAY;;;;;;;;;;;;;;;;;;;;;;;;;;14;10.4;16.2;23.8;;;;39.6;;;40.9;;;44.1;;;;44.7;;;;;;47.9;;;;;;;47.5;;;22.7;;;20.9;;;;
Camerún;CMR;Tasa de incidencia de la pobreza, sobre la base de $3,00 por día (2021 PPA) (% de la población);SI.POV.DDAY;;;;;;;;;;;;;;;;;;;;;;;;;;;;;;;;;;;;;56.5;;;;;30.8;;;;;;36;;;;;;;29;;;;;;;26.7;;;;
Congo, República Democrática del;COD;Tasa de incidencia de la pobreza, sobre la base de $3,00 por día (2021 PPA) (% de la población);SI.POV.DDAY;;;;;;;;;;;;;;;;;;;;;;;;;;;;;;;;;;;;;;;;;;;;;94.9;;;;;;;;78.9;;;;;;;;85.3;;;;;
Congo, República del;COG;Tasa de incidencia de la pobreza, sobre la base de $3,00 por día (2021 PPA) (% de la población);SI.POV.DDAY;;;;;;;;;;;;;;;;;;;;;;;;;;;;;;;;;;;;;;;;;;;;;;54.5;;;;;;39.2;;;;;;;;;;;;;;
Colombia;COL;Tasa de incidencia de la pobreza, sobre la base de $3,00 por día (2021 PPA) (% de la población);SI.POV.DDAY;;;;;;;;;;;;;;;;;;;;;28.5;;;;;;;;21.4;21.3;;19.3;16;;;;24.8;;;28.2;23.9;29.6;21.2;19.8;19.2;16.8;;;16.6;15;13.1;11.2;10.9;9.9;9;8.1;8;7.3;7.4;8.8;13.5;11.2;9.3;7.7;;
Comoras;COM;Tasa de incidencia de la pobreza, sobre la base de $3,00 por día (2021 PPA) (% de la población);SI.POV.DDAY;;;;;;;;;;;;;;;;;;;;;;;;;;;;;;;;;;;;;;;;;;;;;27.9;;;;;;;;;;31.4;;;;;;;;;;;
Cabo Verde;CPV;Tasa de incidencia de la pobreza, sobre la base de $3,00 por día (2021 PPA) (% de la población);SI.POV.DDAY;;;;;;;;;;;;;;;;;;;;;;;;;;;;;;;;;;;;;;;;;;37.1;;;;;;26.2;;;;;;;;14.6;;;;;;;;;;
Costa Rica;CRI;Tasa de incidencia de la pobreza, sobre la base de $3,00 por día (2021 PPA) (% de la población);SI.POV.DDAY;;;;;;;;;;;;;;;;;;;;;;33.5;;;;;19.3;;;14.4;13.9;17.1;13.8;11.8;9.4;10.6;11.7;9.1;7.5;9.3;9.8;7.6;6.6;6.9;6.6;5;5.2;3.1;3.4;3.6;2.2;2.7;2.6;2.6;2.4;2.4;2.4;1.7;2.3;1.7;3.4;2.2;1.6;1.5;1.3;
Estados pequeos del Caribe;CSS;Tasa de incidencia de la pobreza, sobre la base de $3,00 por día (2021 PPA) (% de la población);SI.POV.DDAY;;;;;;;;;;;;;;;;;;;;;;;;;;;;;;;;;;;;;;;;;;;;;;;;;;;;;;;;;;;;;;;;;;
Cuba;CUB;Tasa de incidencia de la pobreza, sobre la base de $3,00 por día (2021 PPA) (% de la población);SI.POV.DDAY;;;;;;;;;;;;;;;;;;;;;;;;;;;;;;;;;;;;;;;;;;;;;;;;;;;;;;;;;;;;;;;;;;
Curacao;CUW;Tasa de incidencia de la pobreza, sobre la base de $3,00 por día (2021 PPA) (% de la población);SI.POV.DDAY;;;;;;;;;;;;;;;;;;;;;;;;;;;;;;;;;;;;;;;;;;;;;;;;;;;;;;;;;;;;;;;;;;
Islas Caimán;CYM;Tasa de incidencia de la pobreza, sobre la base de $3,00 por día (2021 PPA) (% de la población);SI.POV.DDAY;;;;;;;;;;;;;;;;;;;;;;;;;;;;;;;;;;;;;;;;;;;;;;;;;;;;;;;;;;;;;;;;;;
Chipre;CYP;Tasa de incidencia de la pobreza, sobre la base de $3,00 por día (2021 PPA) (% de la población);SI.POV.DDAY;;;;;;;;;;;;;;;;;;;;;;;;;;;;;;;;;;;;;;;;;;;;;0.1;0.1;0;0;0;0.1;0.1;0;0;0.1;0.1;0;0.1;0.1;0.1;0.2;0;0;0;0;;
República Checa;CZE;Tasa de incidencia de la pobreza, sobre la base de $3,00 por día (2021 PPA) (% de la población);SI.POV.DDAY;;;;;;;;;;;;;;;;;;;;;;;;;;;;;;;;;0;0;;;0;;;;;;0;;0;0;0.1;0.1;0.1;0;0;0.1;0.1;0;0;0;0;0;0;0;0;0.1;0;0;;
Alemania;DEU;Tasa de incidencia de la pobreza, sobre la base de $3,00 por día (2021 PPA) (% de la población);SI.POV.DDAY;;;;;;;;;;;;;;;;;;;;;;;;;;;;;;;;0;0.2;0;0.2;0.2;0;0;0;0;0;0;0;0.2;0;0;0;0;0;0;0;0;0;0;0;0;0;0.2;0;0.2;0.2;;;;;
Djibouti;DJI;Tasa de incidencia de la pobreza, sobre la base de $3,00 por día (2021 PPA) (% de la población);SI.POV.DDAY;;;;;;;;;;;;;;;;;;;;;;;;;;;;;;;;;;;;;;;;;;;32.3;;;;;;;;;;26.4;31.2;;;;25.4;;;;;;;;
Dominica;DMA;Tasa de incidencia de la pobreza, sobre la base de $3,00 por día (2021 PPA) (% de la población);SI.POV.DDAY;;;;;;;;;;;;;;;;;;;;;;;;;;;;;;;;;;;;;;;;;;;;;;;;;;;;;;;;;;;;;;;;;;
Dinamarca;DNK;Tasa de incidencia de la pobreza, sobre la base de $3,00 por día (2021 PPA) (% de la población);SI.POV.DDAY;;;;;;;;;;;;;;;;;;;;;;;;;;;;0.7;;;;;0.5;;;0;;;;;0;;;0.4;0.3;0.3;0.2;0.1;0.3;0.6;0.1;0;0;0.3;0.2;0.2;0.3;0.1;0.2;0.3;0.2;0.2;0.2;0.4;;
República Dominicana;DOM;Tasa de incidencia de la pobreza, sobre la base de $3,00 por día (2021 PPA) (% de la población);SI.POV.DDAY;;;;;;;;;;;;;;;;;;;;;;;;;;;8.7;;;21;;;10;;;;8;8.1;;;8.3;6.6;9;10.7;14.6;9.9;8.1;7.8;7.1;6.3;5.5;5.3;5.4;4.4;4.1;3.3;3;1.5;1.1;1;1.3;1.3;1;1.3;0.8;
Argelia;DZA;Tasa de incidencia de la pobreza, sobre la base de $3,00 por día (2021 PPA) (% de la población);SI.POV.DDAY;;;;;;;;;;;;;;;;;;;;;;;;;;;;;12.3;;;;;;;11.8;;;;;;;;;;;;;;;;0;;;;;;;;;;;;;;
Asia oriental y el Pacífico (excluido altos ingresos);EAP;Tasa de incidencia de la pobreza, sobre la base de $3,00 por día (2021 PPA) (% de la población);SI.POV.DDAY;;;;;;;;;;;;;;;;;;;;;;;;;;;;;;;;;;;;;;;;;;;;;;;;;;;;;;;;;;;;;;;;;;
inicial del dividendo demográfico;EAR;Tasa de incidencia de la pobreza, sobre la base de $3,00 por día (2021 PPA) (% de la población);SI.POV.DDAY;;;;;;;;;;;;;;;;;;;;;;;;;;;;;;;;;;;;;;;;;;;;;;;;;;;;;;;;;;;;;;;;;;
Asia oriental y el Pacífico;EAS;Tasa de incidencia de la pobreza, sobre la base de $3,00 por día (2021 PPA) (% de la población);SI.POV.DDAY;;;;;;;;;;;;;;;;;;;;;;77.2;76.3;75.2;73.3;71.3;69.6;67.2;63.4;68;67;65.9;64.2;62.5;58.7;55.2;51.6;51;51.5;49.1;46.8;44.2;40.2;36.5;33.1;29;27.8;25.2;23.5;21.5;18.8;15.5;13.5;9.1;7.8;6.1;5.1;4.2;3.3;2.6;2.7;2.6;2.4;2.2;2;
Europa y Asia central (excluido altos ingresos);ECA;Tasa de incidencia de la pobreza, sobre la base de $3,00 por día (2021 PPA) (% de la población);SI.POV.DDAY;;;;;;;;;;;;;;;;;;;;;;;;;;;;;;;;;;;;;;;;;;;;;;;;;;;;;;;;;;;;;;;;;;
Europa y Asia central;ECS;Tasa de incidencia de la pobreza, sobre la base de $3,00 por día (2021 PPA) (% de la población);SI.POV.DDAY;;;;;;;;;;;;;;;;;;;;;;;;;;;;;3.8;3.9;4;4.5;5.5;6.1;7.6;7.3;7.5;6.8;7;8.7;7.6;6.9;6.2;5.9;5.1;5;4.4;4;3.7;3.7;3.8;3.6;3.6;1.1;1.2;1.2;1;1;0.8;0.8;0.8;0.8;0.7;0.6;0.5;
Ecuador;ECU;Tasa de incidencia de la pobreza, sobre la base de $3,00 por día (2021 PPA) (% de la población);SI.POV.DDAY;;;;;;;;;;;;;;;;;;;;;;;;;;;;21.6;;;;;;;21.5;18.1;;;21.1;26.9;34.1;;;18.9;19.4;15.4;10.9;10.9;9.8;9.3;7.8;6.4;6;4.5;4;4.8;5;4.3;4.7;4.6;8.4;5.3;4.4;4.7;7.3;
Egipto, República Árabe de;EGY;Tasa de incidencia de la pobreza, sobre la base de $3,00 por día (2021 PPA) (% de la población);SI.POV.DDAY;;;;;;;;;;;;;;;;;;;;;;;;;;;;;;;7.1;;;;;4.1;;;;0;;;;;4.1;;;;3.7;;1.5;;1.2;;;1.2;;3.1;;2;;1.4;;;;
Zona del Euro;EMU;Tasa de incidencia de la pobreza, sobre la base de $3,00 por día (2021 PPA) (% de la población);SI.POV.DDAY;;;;;;;;;;;;;;;;;;;;;;;;;;;;;;;;;;;;;;;;;;;;;;;;;;;;;;;;;;;;;;;;;;
Eritrea;ERI;Tasa de incidencia de la pobreza, sobre la base de $3,00 por día (2021 PPA) (% de la población);SI.POV.DDAY;;;;;;;;;;;;;;;;;;;;;;;;;;;;;;;;;;;;;;;;;;;;;;;;;;;;;;;;;;;;;;;;;;
España;ESP;Tasa de incidencia de la pobreza, sobre la base de $3,00 por día (2021 PPA) (% de la población);SI.POV.DDAY;;;;;;;;;;;;;;;;;;;;;0.7;;;;;0.5;;;;;0.5;;;1.5;1.2;1.5;1.5;1;1;0.7;0.9;;;0.9;1;0.9;0.9;0.6;0.6;0.9;0.7;1.3;1;1.3;0.9;1.1;1.3;0.8;1;0.9;1.1;0.7;0.8;0.8;;
Estonia;EST;Tasa de incidencia de la pobreza, sobre la base de $3,00 por día (2021 PPA) (% de la población);SI.POV.DDAY;;;;;;;;;;;;;;;;;;;;;;;;;;;;;;;;;;1.6;;0.7;;;0;;3;3;2.9;3.6;1.6;1.1;1.1;0.6;0.6;0.8;1;1.2;1;1.1;1;0.7;0.6;0.5;0.4;0.7;0.4;0.3;0.5;0.3;;
Etiopía;ETH;Tasa de incidencia de la pobreza, sobre la base de $3,00 por día (2021 PPA) (% de la población);SI.POV.DDAY;;;;;;;;;;;;;;;;;;;;;;;;;;;;;;;;;;;;73.5;;;;65.9;;;;;41.3;;;;;;37.4;;;;;33;;;;;;38.6;;;;
Unión Europea;EUU;Tasa de incidencia de la pobreza, sobre la base de $3,00 por día (2021 PPA) (% de la población);SI.POV.DDAY;;;;;;;;;;;;;;;;;;;;;;;;;;;;;;;;;;;;;;;;;;;;;;;;;;;;;;;;;;;;;;;;;;
Frágiles y situaciones de conflicto afectados;FCS;Tasa de incidencia de la pobreza, sobre la base de $3,00 por día (2021 PPA) (% de la población);SI.POV.DDAY;;;;;;;;;;;;;;;;;;;;;;;;;;;;;;;;;;54.1;55.2;56;55.6;55;54.7;55;;51.5;51.1;50;47;45.2;44;42.6;41.4;40.5;38.8;38.5;37.6;36.9;36.5;36.6;37;36.9;36.9;;39.5;40.8;40.8;41.5;41.7;
Finlandia;FIN;Tasa de incidencia de la pobreza, sobre la base de $3,00 por día (2021 PPA) (% de la población);SI.POV.DDAY;;;;;;;;;;;;;;;;;;;;;;;;;;;;0;;;;0;;;;0;;;;;0;;;0;0;0.1;0.1;0.1;0.1;0.1;0.1;0.1;0.1;0.1;0.1;0.1;0;0.1;0.1;0;0;0;0.1;0.2;;
Fiji;FJI;Tasa de incidencia de la pobreza, sobre la base de $3,00 por día (2021 PPA) (% de la población);SI.POV.DDAY;;;;;;;;;;;;;;;;;;;;;;;;;;;;;;;;;;;;;;;;;;;5.4;;;;;;3.8;;;;;1.6;;;;;;4.7;;;;;;
Francia;FRA;Tasa de incidencia de la pobreza, sobre la base de $3,00 por día (2021 PPA) (% de la población);SI.POV.DDAY;;;;;;;;;;;0;;;;;0.5;;;;0.2;;;;;0.5;;;;;;0.2;;;;;;0.2;0.2;0;0;0;0;0;0.2;0.1;0.1;0;0;0;0.1;0.1;0;0.1;0.1;0;0.1;0.1;0;0;0.1;0.1;0.1;0.1;0.1;;
Islas Feroe;FRO;Tasa de incidencia de la pobreza, sobre la base de $3,00 por día (2021 PPA) (% de la población);SI.POV.DDAY;;;;;;;;;;;;;;;;;;;;;;;;;;;;;;;;;;;;;;;;;;;;;;;;;;;;;;;;;;;;;;;;;;
Micronesia (Estados Federados de);FSM;Tasa de incidencia de la pobreza, sobre la base de $3,00 por día (2021 PPA) (% de la población);SI.POV.DDAY;;;;;;;;;;;;;;;;;;;;;;;;;;;;;;;;;;;;;;;;;;;;;;15.8;;;;;;;;26.1;;;;;;;;;;;;
Gabón;GAB;Tasa de incidencia de la pobreza, sobre la base de $3,00 por día (2021 PPA) (% de la población);SI.POV.DDAY;;;;;;;;;;;;;;;;;;;;;;;;;;;;;;;;;;;;;;;;;;;;;;9.2;;;;;;;;;;;;3.8;;;;;;;;
Reino Unido;GBR;Tasa de incidencia de la pobreza, sobre la base de $3,00 por día (2021 PPA) (% de la población);SI.POV.DDAY;;;;;;;;;0.2;0.2;0.2;0;0.2;0;0.2;0.2;0;0.2;0;0;0;0;0.2;0;0.2;0.2;0.2;0;0.2;0.2;0.2;0.2;0.2;0.2;0.2;0.2;0.2;0.2;0.2;0.2;0.2;0.2;0.2;0.2;0.2;0.2;0.2;0.2;0.2;0.2;0.2;0.2;0.5;0.2;0.2;0.2;0.2;0.2;0.5;0.5;0.5;0.5;;;;
Georgia;GEO;Tasa de incidencia de la pobreza, sobre la base de $3,00 por día (2021 PPA) (% de la población);SI.POV.DDAY;;;;;;;;;;;;;;;;;;;;;;;;;;;;;;;;;;;;;12.2;28.2;26.8;32.7;35;36.7;22.3;22.3;20.9;22.3;22.5;23.9;21.7;21.1;23.6;21.6;18.8;14.9;12;10.6;10.5;11.1;11;9.7;12;10.8;7.7;5.8;4.2;
Ghana;GHA;Tasa de incidencia de la pobreza, sobre la base de $3,00 por día (2021 PPA) (% de la población);SI.POV.DDAY;;;;;;;;;;;;;;;;;;;;;;;;;;;;78.2;77.4;;;80.4;;;;;;;65.3;;;;;;;60.9;;;;;;;41.8;;;;39;;;;;;;;;
Gibraltar;GIB;Tasa de incidencia de la pobreza, sobre la base de $3,00 por día (2021 PPA) (% de la población);SI.POV.DDAY;;;;;;;;;;;;;;;;;;;;;;;;;;;;;;;;;;;;;;;;;;;;;;;;;;;;;;;;;;;;;;;;;;
Guinea;GIN;Tasa de incidencia de la pobreza, sobre la base de $3,00 por día (2021 PPA) (% de la población);SI.POV.DDAY;;;;;;;;;;;;;;;;;;;;;;;;;;;;;;;;86.4;;;37.5;;;;;;;;50.3;;;;;44;;;;;21.3;;;;;;11.7;;;;;;;
Gambia;GMB;Tasa de incidencia de la pobreza, sobre la base de $3,00 por día (2021 PPA) (% de la población);SI.POV.DDAY;;;;;;;;;;;;;;;;;;;;;;;;;;;;;;;;;;;;;;;78;;;;;55.2;;;;;;;34.2;;;;;17.1;;;;;22;;;;;
Guinea-Bissau;GNB;Tasa de incidencia de la pobreza, sobre la base de $3,00 por día (2021 PPA) (% de la población);SI.POV.DDAY;;;;;;;;;;;;;;;;;;;;;;;;;;;;;;;;50.8;;52.8;;;;;;;;;68.2;;;;;;;;75.7;;;;;;;;37.1;;;39.9;;;;
Guinea Ecuatorial;GNQ;Tasa de incidencia de la pobreza, sobre la base de $3,00 por día (2021 PPA) (% de la población);SI.POV.DDAY;;;;;;;;;;;;;;;;;;;;;;;;;;;;;;;;;;;;;;;;;;;;;;;;;;;;;;;;;;;;;;;8.8;;;
Grecia;GRC;Tasa de incidencia de la pobreza, sobre la base de $3,00 por día (2021 PPA) (% de la población);SI.POV.DDAY;;;;;;;;;;;;;;;;;;;;;;;;;;;;;;;;;;;;2;;;;;0.2;;0.2;0.6;0.9;0.4;0.7;0.6;0.4;0.6;1.1;1.5;2.1;1.5;2;2;1.4;1.1;0.2;1;1.1;0.7;0.6;0.6;;
Granada;GRD;Tasa de incidencia de la pobreza, sobre la base de $3,00 por día (2021 PPA) (% de la población);SI.POV.DDAY;;;;;;;;;;;;;;;;;;;;;;;;;;;;;;;;;;;;;;;;;;;;;;;;;;;;;;;;;;;0.8;;;;;;;
Groenlandia;GRL;Tasa de incidencia de la pobreza, sobre la base de $3,00 por día (2021 PPA) (% de la población);SI.POV.DDAY;;;;;;;;;;;;;;;;;;;;;;;;;;;;;;;;;;;;;;;;;;;;;;;;;;;;;;;;;;;;;;;;;;
Guatemala;GTM;Tasa de incidencia de la pobreza, sobre la base de $3,00 por día (2021 PPA) (% de la población);SI.POV.DDAY;;;;;;;;;;;;;;;;;;;;;;;;;;;47.4;;;35.1;;;;;;;;;13.4;;8.8;;;;;;10.5;;;;;;;;8;;;;;;;;;9.7;;
Guam;GUM;Tasa de incidencia de la pobreza, sobre la base de $3,00 por día (2021 PPA) (% de la población);SI.POV.DDAY;;;;;;;;;;;;;;;;;;;;;;;;;;;;;;;;;;;;;;;;;;;;;;;;;;;;;;;;;;;;;;;;;;
Guyana;GUY;Tasa de incidencia de la pobreza, sobre la base de $3,00 por día (2021 PPA) (% de la población);SI.POV.DDAY;;;;;;;;;;;;;;;;;;;;;;;;;;;;;;;;;33.3;;;;;;13;;;;;;;;;;;;;;;;;;;;;;;;;;;
Ingreso alto;HIC;Tasa de incidencia de la pobreza, sobre la base de $3,00 por día (2021 PPA) (% de la población);SI.POV.DDAY;;;;;;;;;;;;;;;;;;;;;;;1.5;1.5;1.4;1.4;1.3;1.3;1.2;1.1;1.1;1.2;1.4;1.8;2.2;1.8;1.9;1.1;1.2;1.7;1.5;1.3;1.1;1;0.9;0.8;0.8;0.6;0.6;0.6;0.6;0.6;0.6;0.6;0.7;0.7;0.6;0.6;0.6;0.5;0.4;0.3;0.6;0.6;0.5;
Hong Kong, Región Administrativa Especial;HKG;Tasa de incidencia de la pobreza, sobre la base de $3,00 por día (2021 PPA) (% de la población);SI.POV.DDAY;;;;;;;;;;;;;;;;;;;;;;;;;;;;;;;;;;;;;;;;;;;;;;;;;;;;;;;;;;;;;;;;;;
Honduras;HND;Tasa de incidencia de la pobreza, sobre la base de $3,00 por día (2021 PPA) (% de la población);SI.POV.DDAY;;;;;;;;;;;;;;;;;;;;;;;;;;;;;;49.5;51.7;41.3;36.5;31.3;32.9;34.4;38.2;27.5;32.3;32.1;;26.5;29;34;33.3;31.3;27.3;22;20.9;18.1;19.6;20.1;24;20.8;20.6;19.9;19.8;19.3;19.8;18.8;;;;17;15.7;
Países pobres muy endeudados (PPME);HPC;Tasa de incidencia de la pobreza, sobre la base de $3,00 por día (2021 PPA) (% de la población);SI.POV.DDAY;;;;;;;;;;;;;;;;;;;;;;;;;;;;;;;;;;;;;;;;;;;;;;;;;;;;;;;;;;;;;;;;;;
Croacia;HRV;Tasa de incidencia de la pobreza, sobre la base de $3,00 por día (2021 PPA) (% de la población);SI.POV.DDAY;;;;;;;;;;;;;;;;;;;;;;;;;;;;;0;;;;;;;;;;0;0;0;0;;;0;;;;0;1;1.4;1;1.1;1.2;1.2;0.7;0.9;0.6;0.5;0.4;0.4;0.3;0.4;0.3;;
Haití;HTI;Tasa de incidencia de la pobreza, sobre la base de $3,00 por día (2021 PPA) (% de la población);SI.POV.DDAY;;;;;;;;;;;;;;;;;;;;;;;;;;;;;;;;;;;;;;;;;;75.1;;;;;;;;;;;40.4;;;;;;;;;;;;;
Hungría;HUN;Tasa de incidencia de la pobreza, sobre la base de $3,00 por día (2021 PPA) (% de la población);SI.POV.DDAY;;;;;;;;;;;;;;;;;;;;;;;;;;;;0;;0;;2.2;;0;1.9;;;;0.4;0.7;0.1;0;0.1;0.2;0.3;1;0.2;0.2;0.1;0.1;0.2;0.2;0.5;0.5;1;1;1.6;0.9;;;;;;;;
Sólo BIRF;IBD;Tasa de incidencia de la pobreza, sobre la base de $3,00 por día (2021 PPA) (% de la población);SI.POV.DDAY;;;;;;;;;;;;;;;;;;;;;;;;;;;;;;;;;;;;;;;;;;;;;;;;;;;;;;;;;;;;;;;;;;
BIRF y la AIF;IBT;Tasa de incidencia de la pobreza, sobre la base de $3,00 por día (2021 PPA) (% de la población);SI.POV.DDAY;;;;;;;;;;;;;;;;;;;;;;;;;;;;;;;;;;;;;;;;;;;;;;;;;;;;;;;;;;;;;;;;;;
total de la AIF;IDA;Tasa de incidencia de la pobreza, sobre la base de $3,00 por día (2021 PPA) (% de la población);SI.POV.DDAY;;;;;;;;;;;;;;;;;;;;;;;;;;;;;;63.1;63.3;62.9;62;62.3;61.2;60.7;59.5;58.9;58.9;58.9;58.5;57.8;57.1;55.3;51.9;50;48.3;46.5;44.3;43.8;41.8;40.8;39.6;37.1;36.3;36;35.6;34.7;34.1;33.8;35.3;35.5;35.1;35.2;35;
mezcla de la AIF;IDB;Tasa de incidencia de la pobreza, sobre la base de $3,00 por día (2021 PPA) (% de la población);SI.POV.DDAY;;;;;;;;;;;;;;;;;;;;;;;;;;;;;;;;;;;;;;;;;;;;;;;;;;;;;;;;;;;;;;;;;;
Indonesia;IDN;Tasa de incidencia de la pobreza, sobre la base de $3,00 por día (2021 PPA) (% de la población);SI.POV.DDAY;;;;;;;;;;;;;;;;;;;;;;;;;86.2;;;86.8;;;78.6;;;78;;;68.1;;82.8;66.2;65.7;62.3;46.8;45.5;45.4;41.1;46.8;41.1;38;37.9;34.1;31.2;26.6;27.2;25.7;21.6;18;14.8;12.5;10.8;9.8;8.6;7.9;6.7;5.4;
Sólo AIF;IDX;Tasa de incidencia de la pobreza, sobre la base de $3,00 por día (2021 PPA) (% de la población);SI.POV.DDAY;;;;;;;;;;;;;;;;;;;;;;;;;;;;;;;;;;;;;;;;;;;;;;;;;;;;;;;;;;;;;;;;;;
Isla de Man;IMN;Tasa de incidencia de la pobreza, sobre la base de $3,00 por día (2021 PPA) (% de la población);SI.POV.DDAY;;;;;;;;;;;;;;;;;;;;;;;;;;;;;;;;;;;;;;;;;;;;;;;;;;;;;;;;;;;;;;;;;;
India;IND;Tasa de incidencia de la pobreza, sobre la base de $3,00 por día (2021 PPA) (% de la población);SI.POV.DDAY;;;;;;;;;;;;;;;;;;59.7;;;;;;50.9;;;;51.8;;;;;;47.5;;;;;;;;;;;46.4;;;;;34.6;;27.1;;;;;;;;;;;5.3;;;
No clasificado;INX;Tasa de incidencia de la pobreza, sobre la base de $3,00 por día (2021 PPA) (% de la población);SI.POV.DDAY;;;;;;;;;;;;;;;;;;;;;;;;;;;;;;;;;;;;;;;;;;;;;;;;;;;;;;;;;;;;;;;;;;
Irlanda;IRL;Tasa de incidencia de la pobreza, sobre la base de $3,00 por día (2021 PPA) (% de la población);SI.POV.DDAY;;;;;;;;;;;;;;;;;;;;;;;;;;;;1.2;;;;;;;0.5;0.5;0.2;;;;0.2;;0.2;0.2;0.1;0.1;0.5;0.1;0.2;0.6;0.7;0.7;0.5;0.7;0.4;0.4;0.3;0.3;0.1;0.1;0.2;0.1;0.2;0.1;;
Irán, República Islámica del;IRN;Tasa de incidencia de la pobreza, sobre la base de $3,00 por día (2021 PPA) (% de la población);SI.POV.DDAY;;;;;;;;;;;;;;;;;;;;;;;;;;;21.8;;;;21.6;;;;15.8;;;;15.2;;;;;;;4.5;4.5;;;4.9;;2.3;1.8;1.9;3.3;3;3;2.7;3.2;4.3;4.6;3.7;2.8;2.5;;
Iraq;IRQ;Tasa de incidencia de la pobreza, sobre la base de $3,00 por día (2021 PPA) (% de la población);SI.POV.DDAY;;;;;;;;;;;;;;;;;;;;;;;;;;;;;;;;;;;;;;;;;;;;;;;0.6;;;;;;0.6;;;;;;;;;;;0.5;;
Islandia;ISL;Tasa de incidencia de la pobreza, sobre la base de $3,00 por día (2021 PPA) (% de la población);SI.POV.DDAY;;;;;;;;;;;;;;;;;;;;;;;;;;;;;;;;;;;;;;;;;;;;0;0.2;0;0.2;0.1;0.1;0.1;0.1;0.2;0;0.1;0;0;0;0;0.3;0.1;;;;;;
Israel;ISR;Tasa de incidencia de la pobreza, sobre la base de $3,00 por día (2021 PPA) (% de la población);SI.POV.DDAY;;;;;;;;;;;;;;;;;;;;0.4;;;;;;;0.5;;;;;;0.2;;;;;0.5;;;;0.2;0.7;0.9;1;1;0.5;0.5;0.7;0.7;0.5;0.3;0.7;0.5;0.7;0.5;0.5;0.7;0.7;1;0.7;0.7;;;;
Italia;ITA;Tasa de incidencia de la pobreza, sobre la base de $3,00 por día (2021 PPA) (% de la población);SI.POV.DDAY;;;;;;;;;;;;;;;;;;0.2;0.5;0.5;0.2;0.2;0.2;0.2;0.2;;0.2;1.2;;0;;0.2;;1.4;;0.7;;;1.7;;1.2;;1.7;0.9;0.8;0.8;0.8;0.8;0.9;1.1;1.4;1.3;1.4;1.6;1.4;2.1;1.8;1.5;1.7;1;0.9;0.9;0.7;0.9;;
Jamaica;JAM;Tasa de incidencia de la pobreza, sobre la base de $3,00 por día (2021 PPA) (% de la población);SI.POV.DDAY;;;;;;;;;;;;;;;;;;;;;;;;;;;;;13.8;;11.6;;;20.5;;;8.3;;;5.7;;;6.4;;4.5;;;;;;;;;;;;;;0.4;;;1.4;;;;
Jordania;JOR;Tasa de incidencia de la pobreza, sobre la base de $3,00 por día (2021 PPA) (% de la población);SI.POV.DDAY;;;;;;;;;;;;;;;;;;;;;;;;;;;0;;;;;;1.1;;;;;0;;;;;1;;;;0.3;;0.1;;0.1;;;;;;;;;;;;;;;
Japón;JPN;Tasa de incidencia de la pobreza, sobre la base de $3,00 por día (2021 PPA) (% de la población);SI.POV.DDAY;;;;;;;;;;;;;;;;;;;;;;;;;;;;;;;;;;;;;;;;;;;;;;;;;1;0.9;0.7;0.5;1.5;1;0.7;0.4;0.7;0.6;1;1.2;1.2;;;;;
Kazajstán;KAZ;Tasa de incidencia de la pobreza, sobre la base de $3,00 por día (2021 PPA) (% de la población);SI.POV.DDAY;;;;;;;;;;;;;;;;;;;;;;;;;;;;;;;;;;14.6;;;14.6;;;;;20.7;16.2;12.3;7.6;14.6;2.4;1.1;0.8;0.8;0.5;0.2;0.1;0.1;0.1;0.1;0.2;0.1;0.1;0.1;0;0;;;;
Kenya;KEN;Tasa de incidencia de la pobreza, sobre la base de $3,00 por día (2021 PPA) (% de la población);SI.POV.DDAY;;;;;;;;;;;;;;;;;;;;;;;;;;;;;;;;;32;;32;;;32.6;;;;;;;;44.6;;;;;;;;;;37.7;;;;;44.4;46.4;46.9;;;
Kirguistán;KGZ;Tasa de incidencia de la pobreza, sobre la base de $3,00 por día (2021 PPA) (% de la población);SI.POV.DDAY;;;;;;;;;;;;;;;;;;;;;;;;;;;;;;;;;;;;;;;43.7;;66.2;61.5;58.1;56.6;32.5;36.6;26;23.3;13.8;9.8;12.6;9.3;10.5;13.5;8.1;11;8;8.2;5.9;4.9;9.4;5.6;4.5;2.7;;
Camboya;KHM;Tasa de incidencia de la pobreza, sobre la base de $3,00 por día (2021 PPA) (% de la población);SI.POV.DDAY;;;;;;;;;;;;;;;;;;;;;;;;;;;;;;;;;;;;;;;;;;;;;;;;;;;;;;;;;;;;;;;;;;
Kiribati;KIR;Tasa de incidencia de la pobreza, sobre la base de $3,00 por día (2021 PPA) (% de la población);SI.POV.DDAY;;;;;;;;;;;;;;;;;;;;;;;;;;;;;;;;;;;;;;;;;;;;;;;21.3;;;;;;;;;;;;;6.1;;;;;;
Saint Kitts y Nevis;KNA;Tasa de incidencia de la pobreza, sobre la base de $3,00 por día (2021 PPA) (% de la población);SI.POV.DDAY;;;;;;;;;;;;;;;;;;;;;;;;;;;;;;;;;;;;;;;;;;;;;;;;;;;;;;;;;;;;;;;;;;
Corea, República de;KOR;Tasa de incidencia de la pobreza, sobre la base de $3,00 por día (2021 PPA) (% de la población);SI.POV.DDAY;;;;;;;;;;;;;;;;;;;;;;;;;;;;;;;;;;;;;;;;;;;;;;;0.5;;0.5;;0.5;;0.5;;0.2;;0.2;0.2;0.2;0.2;0;0.2;;;;
Kuwait;KWT;Tasa de incidencia de la pobreza, sobre la base de $3,00 por día (2021 PPA) (% de la población);SI.POV.DDAY;;;;;;;;;;;;;;;;;;;;;;;;;;;;;;;;;;;;;;;;;;;;;;;;;;;;;;;;;;;;;;;;;;
América Latina y el Caribe (excluido altos ingresos);LAC;Tasa de incidencia de la pobreza, sobre la base de $3,00 por día (2021 PPA) (% de la población);SI.POV.DDAY;;;;;;;;;;;;;;;;;;;;;;;;;;;;;;;;;;;;;;;;;;;;;;;;;;;;;;;;;;;;;;;;;;
República Democrática Popular Lao;LAO;Tasa de incidencia de la pobreza, sobre la base de $3,00 por día (2021 PPA) (% de la población);SI.POV.DDAY;;;;;;;;;;;;;;;;;;;;;;;;;;;;;;;;;42.1;;;;;62;;;;;43.1;;;;;36;;;;;21.7;;;;;;15.7;;;;;;;
Líbano;LBN;Tasa de incidencia de la pobreza, sobre la base de $3,00 por día (2021 PPA) (% de la población);SI.POV.DDAY;;;;;;;;;;;;;;;;;;;;;;;;;;;;;;;;;;;;;;;;;;;;;;;;;;;;0.1;;;;;;;;;;;5.9;;;
Liberia;LBR;Tasa de incidencia de la pobreza, sobre la base de $3,00 por día (2021 PPA) (% de la población);SI.POV.DDAY;;;;;;;;;;;;;;;;;;;;;;;;;;;;;;;;;;;;;;;;;;;;;;;;61.1;;;;;;;31.7;;33.6;;;;;;;;;
Libia;LBY;Tasa de incidencia de la pobreza, sobre la base de $3,00 por día (2021 PPA) (% de la población);SI.POV.DDAY;;;;;;;;;;;;;;;;;;;;;;;;;;;;;;;;;;;;;;;;;;;;;;;;;;;;;;;;;;;;;;;;;;
Santa Lucía;LCA;Tasa de incidencia de la pobreza, sobre la base de $3,00 por día (2021 PPA) (% de la población);SI.POV.DDAY;;;;;;;;;;;;;;;;;;;;;;;;;;;;;;;;;;;;41.5;;;;;;;;;;;;;;;;;;;;0.1;;;;;;;;;;
América Latina y el Caribe;LCN;Tasa de incidencia de la pobreza, sobre la base de $3,00 por día (2021 PPA) (% de la población);SI.POV.DDAY;;;;;;;;;;;;;;;;;;;;;;19.9;20.6;23.8;23.4;21.8;16.6;19.5;20;19.2;20.7;20.1;20.2;20.1;19.5;18.5;19.9;19.4;19.2;19.5;18.1;17.9;17.1;16.6;15.3;14.2;12;10.8;9.9;9.5;8.5;7.7;7.4;6.7;6.3;5.9;6.1;6;5.9;6;5.6;6.3;5;4.6;4.5;
Países menos desarrollados: clasificación de las Naciones Unidas;LDC;Tasa de incidencia de la pobreza, sobre la base de $3,00 por día (2021 PPA) (% de la población);SI.POV.DDAY;;;;;;;;;;;;;;;;;;;;;;;;;;;;;;;;;;;;;;;;;;;;;;;;;;;;;;;;;;;;;;;;;;
Países de ingreso bajo;LIC;Tasa de incidencia de la pobreza, sobre la base de $3,00 por día (2021 PPA) (% de la población);SI.POV.DDAY;;;;;;;;;;;;;;;;;;;;;;;;;;;;;;;;;;;;;;;;;;;62.7;60.5;59.7;58.8;58;57;55.8;55.9;54.1;53.9;52.8;52.3;52.6;53.6;54.2;54.1;;;55.5;56.2;55.6;56.3;;
Liechtenstein;LIE;Tasa de incidencia de la pobreza, sobre la base de $3,00 por día (2021 PPA) (% de la población);SI.POV.DDAY;;;;;;;;;;;;;;;;;;;;;;;;;;;;;;;;;;;;;;;;;;;;;;;;;;;;;;;;;;;;;;;;;;
Sri Lanka;LKA;Tasa de incidencia de la pobreza, sobre la base de $3,00 por día (2021 PPA) (% de la población);SI.POV.DDAY;;;;;;;;;;;;;;;;;;;;;;;;;;28.2;;;;;23.4;;;;;23;;;;;;;20.7;;;;12.2;;;7.8;;;6.4;;;;3.8;;;2.7;;;;;;
Países de ingreso mediano bajo;LMC;Tasa de incidencia de la pobreza, sobre la base de $3,00 por día (2021 PPA) (% de la población);SI.POV.DDAY;;;;;;;;;;;;;;;;;;;;;;55.1;54.2;52.3;52.3;52.1;52.1;52.5;52.2;51.6;51.1;50.6;49.7;49.4;48.3;47.9;46.9;;;;;;45.9;44.8;43.2;41.6;39.4;36.9;35.2;33.5;30.1;28.2;26.4;23.7;21.7;;;;;;15.2;14.4;13.4;12.6;12;
Ingreso mediano y bajo;LMY;Tasa de incidencia de la pobreza, sobre la base de $3,00 por día (2021 PPA) (% de la población);SI.POV.DDAY;;;;;;;;;;;;;;;;;;;;;;62.3;61.5;60.5;59.5;58.2;56.9;56.1;54.4;56.2;55.6;55;53.9;53;51;49.2;47.5;47.1;47.3;46.4;45.1;43.9;41.8;39.8;37.5;35.1;33.4;31.2;29.7;28.3;25.7;23.4;21.7;18.8;17.5;16.1;15;14;13.2;12.7;13.4;13.1;12.5;12.2;12;
Lesotho;LSO;Tasa de incidencia de la pobreza, sobre la base de $3,00 por día (2021 PPA) (% de la población);SI.POV.DDAY;;;;;;;;;;;;;;;;;;;;;;;;;;;62.8;;;;;;;;59.6;;;;;;;;74.9;;;;;;;;;;;;;;;41.9;;;;;;;;
avanzada del dividendo demográfico;LTE;Tasa de incidencia de la pobreza, sobre la base de $3,00 por día (2021 PPA) (% de la población);SI.POV.DDAY;;;;;;;;;;;;;;;;;;;;;;;;;;;;;;;;;;;;;;;;;;;;;;;;;;;;;;;;;;;;;;;;;;
Lituania;LTU;Tasa de incidencia de la pobreza, sobre la base de $3,00 por día (2021 PPA) (% de la población);SI.POV.DDAY;;;;;;;;;;;;;;;;;;;;;;;;;;;;;;;;;;14.3;;;0.2;;1;1.3;1.2;1.6;1.4;0.4;4;2.7;1.8;1.6;1.8;2.7;2;0.9;1.1;1.2;1.7;1;1.5;1.2;1;0.6;0.5;0.3;0.8;1.1;;
Luxemburgo;LUX;Tasa de incidencia de la pobreza, sobre la base de $3,00 por día (2021 PPA) (% de la población);SI.POV.DDAY;;;;;;;;;;;;;;;;;;;;;;;;;;0;0;0;0;0;0;0;0;0;0;0;0;0;0;0;0;0;0;0.1;0;0;0;0;0;0;0;0.1;0;0.1;0.2;0.3;0.1;0.3;0.3;0.1;0;0.1;0.1;0.1;;
Letonia;LVA;Tasa de incidencia de la pobreza, sobre la base de $3,00 por día (2021 PPA) (% de la población);SI.POV.DDAY;;;;;;;;;;;;;;;;;;;;;;;;;;;;;;;;;;0;;2.2;3.8;3.5;3.3;;;;1.5;1.5;3.7;3.1;1.9;0.8;1.6;2.6;2.6;1.7;1.4;1.5;1.1;1;1;1;0.6;0.3;0.5;0.5;0.4;0.4;;
Región Administrativa Especial de Macao, China;MAC;Tasa de incidencia de la pobreza, sobre la base de $3,00 por día (2021 PPA) (% de la población);SI.POV.DDAY;;;;;;;;;;;;;;;;;;;;;;;;;;;;;;;;;;;;;;;;;;;;;;;;;;;;;;;;;;;;;;;;;;
Isla de San Martín (parte francesa);MAF;Tasa de incidencia de la pobreza, sobre la base de $3,00 por día (2021 PPA) (% de la población);SI.POV.DDAY;;;;;;;;;;;;;;;;;;;;;;;;;;;;;;;;;;;;;;;;;;;;;;;;;;;;;;;;;;;;;;;;;;
Marruecos;MAR;Tasa de incidencia de la pobreza, sobre la base de $3,00 por día (2021 PPA) (% de la población);SI.POV.DDAY;;;;;;;;;;;;;;;;;;;;;;;;;22.4;;;;;;11.2;;;;;;;;17.5;;16.8;;;;;;9.4;;;;;;;3.7;;;;;;;;;;;;
Mónaco;MCO;Tasa de incidencia de la pobreza, sobre la base de $3,00 por día (2021 PPA) (% de la población);SI.POV.DDAY;;;;;;;;;;;;;;;;;;;;;;;;;;;;;;;;;;;;;;;;;;;;;;;;;;;;;;;;;;;;;;;;;;
República de Moldova;MDA;Tasa de incidencia de la pobreza, sobre la base de $3,00 por día (2021 PPA) (% de la población);SI.POV.DDAY;;;;;;;;;;;;;;;;;;;;;;;;;;;;;;;;;;;;;;19.1;31.9;44;41;32.2;19.9;10;11.6;16.6;3.4;1.6;1.7;1.5;0.8;0.5;0.5;0.1;0;0.1;0.2;0.1;0;0;0;0.2;0;0.1;;
Madagascar;MDG;Tasa de incidencia de la pobreza, sobre la base de $3,00 por día (2021 PPA) (% de la población);SI.POV.DDAY;;;;;;;;;;;;;;;;;;;;;61.7;;;;;;;;;;;;;83.1;;;;80.7;;78.5;;57.5;;;;55.3;;;;;65.3;;67.3;;;;;;;;;69.2;;;;
Maldivas;MDV;Tasa de incidencia de la pobreza, sobre la base de $3,00 por día (2021 PPA) (% de la población);SI.POV.DDAY;;;;;;;;;;;;;;;;;;;;;;;;;;;;;;;;;;;;;;;;;;;18.8;;;;;;;13.1;;;;;;;0.1;;;0;;;;;;
Oriente Medio, Norte de África, Afganistán y Pakistán;MEA;Tasa de incidencia de la pobreza, sobre la base de $3,00 por día (2021 PPA) (% de la población);SI.POV.DDAY;;;;;;;;;;;;;;;;;;;;;;;;;36.2;35.7;35.5;35.6;35.1;34.9;34.2;32;28.2;28.3;25.7;25.3;23.1;22.7;23.1;23.4;23.8;24.6;24.1;22.2;19.9;18.8;17.6;16.7;14.6;15.2;13.3;13;12.3;11.6;11.5;11.3;11.3;11;11;11.4;;;;;;
México;MEX;Tasa de incidencia de la pobreza, sobre la base de $3,00 por día (2021 PPA) (% de la población);SI.POV.DDAY;;;;;;;;;;;;;;;;;;;;;;;;;15;;;;;14.8;;;13.3;;13.6;;21.7;;21.9;;16.3;;12.8;;11;11.7;9;;10.1;;8.4;;7.3;;7.2;;4.4;;3.9;;4.3;;2.3;;;
Islas Marshall;MHL;Tasa de incidencia de la pobreza, sobre la base de $3,00 por día (2021 PPA) (% de la población);SI.POV.DDAY;;;;;;;;;;;;;;;;;;;;;;;;;;;;;;;;;;;;;;;;;;;;;;;;;;;;;;;;;;;;2.1;;;;;;
 Ingreso mediano;MIC;Tasa de incidencia de la pobreza, sobre la base de $3,00 por día (2021 PPA) (% de la población);SI.POV.DDAY;;;;;;;;;;;;;;;;;;;;;;;;;;;;;;;;;;;;;;;;;;;;;;;;;;;;;;;;;;;;;;;;;;
Macedonia del Norte;MKD;Tasa de incidencia de la pobreza, sobre la base de $3,00 por día (2021 PPA) (% de la población);SI.POV.DDAY;;;;;;;;;;;;;;;;;;;;;;;;;;;;;;;;;;;;;;;3.3;;11.7;;3;2.8;1.4;3.1;4.6;;1.4;12.1;12.8;10.9;9.1;7.4;6.4;7;5.7;5.6;4.3;3.9;;;;;;
Malí;MLI;Tasa de incidencia de la pobreza, sobre la base de $3,00 por día (2021 PPA) (% de la población);SI.POV.DDAY;;;;;;;;;;;;;;;;;;;;;;;;;;;;;;;;;;;89.4;;;;;;;68.6;;;;;64;;;63.3;;;;;;;;;29.4;;;36.1;;;;
Malta;MLT;Tasa de incidencia de la pobreza, sobre la base de $3,00 por día (2021 PPA) (% de la población);SI.POV.DDAY;;;;;;;;;;;;;;;;;;;;;;;;;;;;;;;;;;;;;;;;;;;;;;;0.5;0.5;0.2;0.5;0.3;0.2;0.2;0;0;0.1;0.1;0.2;0.2;0.3;0.4;0.1;0.1;;;
Myanmar;MMR;Tasa de incidencia de la pobreza, sobre la base de $3,00 por día (2021 PPA) (% de la población);SI.POV.DDAY;;;;;;;;;;;;;;;;;;;;;;;;;;;;;;;;;;;;;;;;;;;;;;;;;;;;;;;;18.2;;10.3;;;;;;;;
Oriente Medio y Norte de África (excluido altos ingresos);MNA;Tasa de incidencia de la pobreza, sobre la base de $3,00 por día (2021 PPA) (% de la población);SI.POV.DDAY;;;;;;;;;;;;;;;;;;;;;;;;;;;;;;;;;;;;;;;;;;;;;;;;;;;;;;;;;;;;;;;;;;
Montenegro;MNE;Tasa de incidencia de la pobreza, sobre la base de $3,00 por día (2021 PPA) (% de la población);SI.POV.DDAY;;;;;;;;;;;;;;;;;;;;;;;;;;;;;;;;;;;;;;;;;;;;;;0.4;0.4;0.4;0.3;0;0;0.4;5.6;5.2;3.9;3.6;3.3;4.6;3.9;2.5;2.2;2.5;;;;
Mongolia;MNG;Tasa de incidencia de la pobreza, sobre la base de $3,00 por día (2021 PPA) (% de la población);SI.POV.DDAY;;;;;;;;;;;;;;;;;;;;;;;;;;;;;;;;;;;;22.1;;;39.7;;;;18.7;;;;;4;;;3.5;2.2;1.1;;0.8;;1.9;;1.7;;;;0.4;;;
Mariana;MNP;Tasa de incidencia de la pobreza, sobre la base de $3,00 por día (2021 PPA) (% de la población);SI.POV.DDAY;;;;;;;;;;;;;;;;;;;;;;;;;;;;;;;;;;;;;;;;;;;;;;;;;;;;;;;;;;;;;;;;;;
Mozambique;MOZ;Tasa de incidencia de la pobreza, sobre la base de $3,00 por día (2021 PPA) (% de la población);SI.POV.DDAY;;;;;;;;;;;;;;;;;;;;;;;;;;;;;;;;;;;;;87.7;;;;;;87.6;;;;;;81.1;;;;;;74.4;;;;;81.6;;;81.4;;;
Mauritania;MRT;Tasa de incidencia de la pobreza, sobre la base de $3,00 por día (2021 PPA) (% de la población);SI.POV.DDAY;;;;;;;;;;;;;;;;;;;;;;;;;;;;50.8;;;;;;54.1;;31.7;;;;;30.7;;;;28.5;;;;19.2;;;;;;11.7;;;;;10.2;;;;;;
Mauricio;MUS;Tasa de incidencia de la pobreza, sobre la base de $3,00 por día (2021 PPA) (% de la población);SI.POV.DDAY;;;;;;;;;;;;;;;;;;;;;;;;;;;;;;;;;;;;;;;;;;;;;;;1.1;;;;;;1.1;;;;;0.5;;;;;;;;
Malawi;MWI;Tasa de incidencia de la pobreza, sobre la base de $3,00 por día (2021 PPA) (% de la población);SI.POV.DDAY;;;;;;;;;;;;;;;;;;;;;;;;;;;;;;;;;;;;;;64.6;;;;;;;74.4;;;;;;72.9;;;;;;71.7;;;75.4;;;;;;
Malasia;MYS;Tasa de incidencia de la pobreza, sobre la base de $3,00 por día (2021 PPA) (% de la población);SI.POV.DDAY;;;;;;;;;;;;;;;;;;;;;;;;;6.7;;;5.9;;4.9;;;5;;;5.2;;1.7;;;;;;3.2;;;1.7;;1.5;;;0.4;;0.1;;0.1;;;0;;;0;;;;
América del Norte;NAC;Tasa de incidencia de la pobreza, sobre la base de $3,00 por día (2021 PPA) (% de la población);SI.POV.DDAY;;;;;;;;;;;;;;;;;;;;;;0.5;0.6;0.6;0.5;0.5;0.6;0.5;0.4;0.5;0.5;0.5;0.5;0.6;0.6;0.6;0.5;0.6;0.7;0.6;0.6;0.8;0.7;0.8;0.9;0.9;0.9;0.8;0.9;0.8;0.9;0.9;0.9;0.9;1.1;1;1;1.1;0.9;0.8;0.3;0.2;1.1;1;1;
Namibia;NAM;Tasa de incidencia de la pobreza, sobre la base de $3,00 por día (2021 PPA) (% de la población);SI.POV.DDAY;;;;;;;;;;;;;;;;;;;;;;;;;;;;;;;;;;60.3;;;;;;;;;;47.6;;;;;;38.6;;;;;;22.9;;;;;;;;;;
Nueva Caledonia;NCL;Tasa de incidencia de la pobreza, sobre la base de $3,00 por día (2021 PPA) (% de la población);SI.POV.DDAY;;;;;;;;;;;;;;;;;;;;;;;;;;;;;;;;;;;;;;;;;;;;;;;;;;;;;;;;;;;;;;;;;;
Níger;NER;Tasa de incidencia de la pobreza, sobre la base de $3,00 por día (2021 PPA) (% de la población);SI.POV.DDAY;;;;;;;;;;;;;;;;;;;;;;;;;;;;;;;;;88;;88.9;;;;;;;;;;;83.8;;82.9;;;;68.8;;;60.3;;;;59;;;60.5;;;;
Nigeria;NGA;Tasa de incidencia de la pobreza, sobre la base de $3,00 por día (2021 PPA) (% de la población);SI.POV.DDAY;;;;;;;;;;;;;;;;;;;;;;;;;;51.1;;;;;;;55.2;;;;60.9;;;;;;;51.1;;;;;;;38.5;;37.4;;;35.8;;;34.2;;;;41.8;;;
Nicaragua;NIC;Tasa de incidencia de la pobreza, sobre la base de $3,00 por día (2021 PPA) (% de la población);SI.POV.DDAY;;;;;;;;;;;;;;;;;;;;;;;;;;;;;;;;;;47.1;;;;;34.7;;;26.3;;;;16.5;;;;13.9;;;;;6.6;;;;;;;;;;;
Países Bajos;NLD;Tasa de incidencia de la pobreza, sobre la base de $3,00 por día (2021 PPA) (% de la población);SI.POV.DDAY;;;;;;;;;;;;;;;;;;;;;;;;0.7;;;;0.5;;;1.2;;;1.5;;;;;;0.2;;;;;0.3;0.1;0;0;0.2;0.2;0;0.1;0.1;0.1;0.1;0.1;0.1;0.2;0.1;0.1;0;0.1;;;;
Noruega;NOR;Tasa de incidencia de la pobreza, sobre la base de $3,00 por día (2021 PPA) (% de la población);SI.POV.DDAY;;;;;;;;;;;;;;;;;;;;0.2;;;;;;;0.2;;;;;0.5;;;;0.5;;;;;0.2;;;0.2;0.3;0.2;0.2;0.2;0.2;0.1;0.2;0.1;0.1;0.2;0.1;0.2;0.3;0.3;0.3;0.2;0.3;0.2;0.3;0.2;;
Nepal;NPL;Tasa de incidencia de la pobreza, sobre la base de $3,00 por día (2021 PPA) (% de la población);SI.POV.DDAY;;;;;;;;;;;;;;;;;;;;;;;;;82.7;;;;;;;;;;;70.7;;;;;;;;55.7;;;;;;;21.5;;;;;;;;;;;;2.4;;;
Nauru;NRU;Tasa de incidencia de la pobreza, sobre la base de $3,00 por día (2021 PPA) (% de la población);SI.POV.DDAY;;;;;;;;;;;;;;;;;;;;;;;;;;;;;;;;;;;;;;;;;;;;;;;;;;;;;9.7;;;;;;;;;;;;;
Nueva Zelandia;NZL;Tasa de incidencia de la pobreza, sobre la base de $3,00 por día (2021 PPA) (% de la población);SI.POV.DDAY;;;;;;;;;;;;;;;;;;;;;;;;;;;;;;;;;;;;;;;;;;;;;;;;;;;;;;;;;;;;;;;;;;
Miembros OCDE;OED;Tasa de incidencia de la pobreza, sobre la base de $3,00 por día (2021 PPA) (% de la población);SI.POV.DDAY;;;;;;;;;;;;;;;;;;;;;;;;;;;;;;;;;;;;;;;;;;;;;;;;;;;;;;;;;;;;;;;;;;
Omán;OMN;Tasa de incidencia de la pobreza, sobre la base de $3,00 por día (2021 PPA) (% de la población);SI.POV.DDAY;;;;;;;;;;;;;;;;;;;;;;;;;;;;;;;;;;;;;;;;;;;;;;;;;;;;;;;;;;;;;;;;;;
Otros Estados pequeos;OSS;Tasa de incidencia de la pobreza, sobre la base de $3,00 por día (2021 PPA) (% de la población);SI.POV.DDAY;;;;;;;;;;;;;;;;;;;;;;;;;;;;;;;;;;;;;;;;;;;;;;;;;;;;;;;;;;;;;;;;;;
Pakistán;PAK;Tasa de incidencia de la pobreza, sobre la base de $3,00 por día (2021 PPA) (% de la población);SI.POV.DDAY;;;;;;;;;;;;;;;;;;;;;;;;;;;;80.6;;;79.5;;;;;;45.3;;50.3;;;56.2;;;40.9;40.8;;34.9;;;26.7;25.9;;21.2;;16.9;;;16.5;;;;;;;
Panamá;PAN;Tasa de incidencia de la pobreza, sobre la base de $3,00 por día (2021 PPA) (% de la población);SI.POV.DDAY;;;;;;;;;;;;;;;;;;;;15.6;;;;;;;;;;29.8;;27.1;;;;21.1;;19.9;19.8;17.7;16.3;20.8;17.2;16.8;15.5;14.5;15.7;13;9;6.6;7.7;6.1;7.4;5.9;6.4;4.8;4.8;4.3;3.7;2.9;;3.3;;3.7;3.1;
Perú;PER;Tasa de incidencia de la pobreza, sobre la base de $3,00 por día (2021 PPA) (% de la población);SI.POV.DDAY;;;;;;;;;;;;;;;;;;;;;;;;;;6.2;;;;;;;;;25.7;;;26.9;25.7;26.3;25.5;27.4;24.4;22.5;23.5;25.4;21.8;18.9;15.8;13.7;11.2;10.3;9.5;8.6;8;8;7.5;7.3;6.1;5.4;10.3;5.2;4.8;5.9;5.1;
Filipinas;PHL;Tasa de incidencia de la pobreza, sobre la base de $3,00 por día (2021 PPA) (% de la población);SI.POV.DDAY;;;;;;;;;;;;;;;;;;;;;;;;;;43.3;;;41;;;40.6;;;38.8;;;30.7;;;25.9;;;24.3;;;26.1;;;22;;;21.3;;;14.6;;;8.3;;;8.1;;5.3;;
Palau;PLW;Tasa de incidencia de la pobreza, sobre la base de $3,00 por día (2021 PPA) (% de la población);SI.POV.DDAY;;;;;;;;;;;;;;;;;;;;;;;;;;;;;;;;;;;;;;;;;;;;;;;;;;;;;;;;;;;;;;;;;;
Papua Nueva Guinea;PNG;Tasa de incidencia de la pobreza, sobre la base de $3,00 por día (2021 PPA) (% de la población);SI.POV.DDAY;;;;;;;;;;;;;;;;;;;;;;;;;;;;;;;;;;;;;62.8;;;;;;;;;;;;;52.2;;;;;;;;;;;;;;;;
Polonia;POL;Tasa de incidencia de la pobreza, sobre la base de $3,00 por día (2021 PPA) (% de la población);SI.POV.DDAY;;;;;;;;;;;;;;;;;;;;;;;;;;0;0.5;0;;0;;;0.2;0;;2.5;9;;0.2;1;0.3;0.4;0.3;0.2;2.8;1.4;0.9;0.6;0.3;0.6;0.6;0.6;0.4;0.6;0.6;0.5;0.4;0.4;0.3;0.1;0.2;0.1;0.3;0.2;;
previa al dividendo demográfico;PRE;Tasa de incidencia de la pobreza, sobre la base de $3,00 por día (2021 PPA) (% de la población);SI.POV.DDAY;;;;;;;;;;;;;;;;;;;;;;;;;;;;;;;;;;;;;;;;;;;;;;;;;;;;;;;;;;;;;;;;;;
Puerto Rico (US);PRI;Tasa de incidencia de la pobreza, sobre la base de $3,00 por día (2021 PPA) (% de la población);SI.POV.DDAY;;;;;;;;;;;;;;;;;;;;;;;;;;;;;;;;;;;;;;;;;;;;;;;;;;;;;;;;;;;;;;;;;;
Corea, República Popular Democrática de;PRK;Tasa de incidencia de la pobreza, sobre la base de $3,00 por día (2021 PPA) (% de la población);SI.POV.DDAY;;;;;;;;;;;;;;;;;;;;;;;;;;;;;;;;;;;;;;;;;;;;;;;;;;;;;;;;;;;;;;;;;;
Portugal;PRT;Tasa de incidencia de la pobreza, sobre la base de $3,00 por día (2021 PPA) (% de la población);SI.POV.DDAY;;;;;;;;;;;;;;;;;;;;;;;;;;;;;;;;;;;;;;;;;;;;1.1;0.7;0.7;0.2;0.6;0.3;0.2;0.2;0.6;0.9;1;0.8;0.7;0.4;0.4;0.4;0.2;0.6;0.3;0.2;0.4;;
Paraguay;PRY;Tasa de incidencia de la pobreza, sobre la base de $3,00 por día (2021 PPA) (% de la población);SI.POV.DDAY;;;;;;;;;;;;;;;;;;;;;;;;;;;;;;;2.5;;;;;18.3;;14.9;;15;;13.5;19.6;13.8;10.7;10.1;14.1;12.6;7.9;9.1;9.4;8.9;6.4;4.1;4.3;4.2;4.2;2.4;3.1;2.4;2.6;1.9;3.2;2.4;2.1;
Ribera Occidental y Gaza;PSE;Tasa de incidencia de la pobreza, sobre la base de $3,00 por día (2021 PPA) (% de la población);SI.POV.DDAY;;;;;;;;;;;;;;;;;;;;;;;;;;;;;;;;;;;;;;;;;;;;;1.8;1.3;0.5;2.9;;0.6;0.6;0.4;;;;;1.4;;;;;;;2.1;;
Estados pequeos de las Islas del Pacfico;PSS;Tasa de incidencia de la pobreza, sobre la base de $3,00 por día (2021 PPA) (% de la población);SI.POV.DDAY;;;;;;;;;;;;;;;;;;;;;;;;;;;;;;;;;;;;;;;;;;;;;;;;;;;;;;;;;;;;;;;;;;
posterior al dividendo demográfico;PST;Tasa de incidencia de la pobreza, sobre la base de $3,00 por día (2021 PPA) (% de la población);SI.POV.DDAY;;;;;;;;;;;;;;;;;;;;;;;;;;;;;;;;;;;;;;;;;;;;;;;;;;;;;;;;;;;;;;;;;;
Polinesia Francesa;PYF;Tasa de incidencia de la pobreza, sobre la base de $3,00 por día (2021 PPA) (% de la población);SI.POV.DDAY;;;;;;;;;;;;;;;;;;;;;;;;;;;;;;;;;;;;;;;;;;;;;;;;;;;;;;;;;;;;;;;;;;
Qatar;QAT;Tasa de incidencia de la pobreza, sobre la base de $3,00 por día (2021 PPA) (% de la población);SI.POV.DDAY;;;;;;;;;;;;;;;;;;;;;;;;;;;;;;;;;;;;;;;;;;;;;;;;;;;;;;;;;;0;;;;;;;;
Rumania;ROU;Tasa de incidencia de la pobreza, sobre la base de $3,00 por día (2021 PPA) (% de la población);SI.POV.DDAY;;;;;;;;;;;;;;;;;;;;;;;;;;;;;;0;;;0;;18.4;3.5;;4.2;3.6;10.9;11.9;9.5;9.1;7;5.3;4.2;11.1;8.1;6;5.3;6.3;7.1;8.4;8.7;8.9;7.6;5.2;4.9;3.7;3.1;2.4;2;1.5;0.7;;
Federación de Rusia;RUS;Tasa de incidencia de la pobreza, sobre la base de $3,00 por día (2021 PPA) (% de la población);SI.POV.DDAY;;;;;;;;;;;;;;;;;;;;;;;;;;;;;;;;;;6.2;;;7.1;2.7;4;7.2;5.1;3.2;2;2.1;1.8;1.4;0.9;0.4;0.2;0.2;0.2;0.1;0.1;0.1;0.4;0.4;0.4;0.4;0.2;0.3;0.1;0.2;0.1;0.1;;
Rwanda;RWA;Tasa de incidencia de la pobreza, sobre la base de $3,00 por día (2021 PPA) (% de la población);SI.POV.DDAY;;;;;;;;;;;;;;;;;;;;;;;;;;;;;;;;;;;;;;;;;82.3;;;;;74.2;;;;;70.2;;;65.2;;;63.8;;;;;;;38.6;;
Asia meridional;SAS;Tasa de incidencia de la pobreza, sobre la base de $3,00 por día (2021 PPA) (% de la población);SI.POV.DDAY;;;;;;;;;;;;;;;;;;;;;;55.9;54.2;50.9;50.7;50.6;50.7;51.3;51.1;50.4;49.7;49.6;48.9;48.1;47.4;47.1;46.8;;;;;;46;45.6;45;43.3;40.7;38.1;36.8;34.6;30.4;27.5;25.2;22.8;20;;;;;;9.4;7.9;6.1;4.7;3.8;
Arabia Saudita;SAU;Tasa de incidencia de la pobreza, sobre la base de $3,00 por día (2021 PPA) (% de la población);SI.POV.DDAY;;;;;;;;;;;;;;;;;;;;;;;;;;;;;;;;;;;;;;;;;;;;;;;;;;;;;;;;;;;;;;;;;;
Sudán;SDN;Tasa de incidencia de la pobreza, sobre la base de $3,00 por día (2021 PPA) (% de la población);SI.POV.DDAY;;;;;;;;;;;;;;;;;;;;;;;;;;;;;;;;;;;;;;;;;;;;;;;;;;13.1;;;;;10.1;;;;;;;;;;;
Senegal;SEN;Tasa de incidencia de la pobreza, sobre la base de $3,00 por día (2021 PPA) (% de la población);SI.POV.DDAY;;;;;;;;;;;;;;;;;;;;;;;;;;;;;;;;77.3;;;72.2;;;;;;;63.9;;;;53.6;;;;;;53.3;;;;;;;19.1;;;17.9;;;;
Singapur;SGP;Tasa de incidencia de la pobreza, sobre la base de $3,00 por día (2021 PPA) (% de la población);SI.POV.DDAY;;;;;;;;;;;;;;;;;;;;;;;;;;;;;;;;;;;;;;;;;;;;;;;;;;;;;;;;;;;;;;;;;;
Islas Salomón;SLB;Tasa de incidencia de la pobreza, sobre la base de $3,00 por día (2021 PPA) (% de la población);SI.POV.DDAY;;;;;;;;;;;;;;;;;;;;;;;;;;;;;;;;;;;;;;;;;;;;;;62.2;;;;;;;40.3;;;;;;;;;;;;;
Sierra Leona;SLE;Tasa de incidencia de la pobreza, sobre la base de $3,00 por día (2021 PPA) (% de la población);SI.POV.DDAY;;;;;;;;;;;;;;;;;;;;;;;;;;;;;;;;;;;;;;;;;;;;72.4;;;;;;;;53.7;;;;;;;41.5;;;;;;;
El Salvador;SLV;Tasa de incidencia de la pobreza, sobre la base de $3,00 por día (2021 PPA) (% de la población);SI.POV.DDAY;;;;;;;;;;;;;;;;;;;;;;;;;;;;;;24.8;;28.9;;;;19.3;21.2;;26.3;22.4;18.4;19.4;19.5;20.9;16.3;16.4;12.6;9.2;12.6;12.4;11.4;10.1;8.5;7.1;7;5.3;5.8;4.5;4.1;3;;5.1;5.2;4.6;;
San Marino;SMR;Tasa de incidencia de la pobreza, sobre la base de $3,00 por día (2021 PPA) (% de la población);SI.POV.DDAY;;;;;;;;;;;;;;;;;;;;;;;;;;;;;;;;;;;;;;;;;;;;;;;;;;;;;;;;;;;;;;;;;;
República Federal de Somalia;SOM;Tasa de incidencia de la pobreza, sobre la base de $3,00 por día (2021 PPA) (% de la población);SI.POV.DDAY;;;;;;;;;;;;;;;;;;;;;;;;;;;;;;;;;;;;;;;;;;;;;;;;;;;;;;;;;;;;;;;;;;
Serbia;SRB;Tasa de incidencia de la pobreza, sobre la base de $3,00 por día (2021 PPA) (% de la población);SI.POV.DDAY;;;;;;;;;;;;;;;;;;;;;;;;;;;;;;;;;;;;;;;;;;;0.4;0.9;1.2;1.6;0.9;0.6;0.3;0.6;0.3;;7.1;7.8;8.9;8.4;8.1;6.6;4.2;2.7;2;1.7;2;;;
África al sur del Sahara (excluido altos ingresos);SSA;Tasa de incidencia de la pobreza, sobre la base de $3,00 por día (2021 PPA) (% de la población);SI.POV.DDAY;;;;;;;;;;;;;;;;;;;;;;;;;;;;;;;;;;;;;;;;;;;;;;;;;;;;;;;;;;;;;;;;;;
Sudán del Sur;SSD;Tasa de incidencia de la pobreza, sobre la base de $3,00 por día (2021 PPA) (% de la población);SI.POV.DDAY;;;;;;;;;;;;;;;;;;;;;;;;;;;;;;;;;;;;;;;;;;;;;;;;;;44.9;;;;;;;76.5;;;;;;;;;
África al sur del Sahara;SSF;Tasa de incidencia de la pobreza, sobre la base de $3,00 por día (2021 PPA) (% de la población);SI.POV.DDAY;;;;;;;;;;;;;;;;;;;;;;;;;;;;;;;61.5;62.8;63.9;64.6;64.7;64.5;63.9;63.5;63.5;63.1;62.5;61.3;60.9;59.9;57;55.5;54;53;51.6;51.1;49.5;48.5;47.3;46.4;45.7;45.5;45.3;45;44.6;44.4;46.4;46.6;46.4;46.5;46;
Pequeños Estados;SST;Tasa de incidencia de la pobreza, sobre la base de $3,00 por día (2021 PPA) (% de la población);SI.POV.DDAY;;;;;;;;;;;;;;;;;;;;;;;;;;;;;;;;;;;;;;;;;;;;;;;;;;;;;;;;;;;;;;;;;;
Santo Tomé y Príncipe;STP;Tasa de incidencia de la pobreza, sobre la base de $3,00 por día (2021 PPA) (% de la población);SI.POV.DDAY;;;;;;;;;;;;;;;;;;;;;;;;;;;;;;;;;;;;;;;;;17.3;;;;;;;;;;18.9;;;;;;;13;;;;;;;;
Suriname;SUR;Tasa de incidencia de la pobreza, sobre la base de $3,00 por día (2021 PPA) (% de la población);SI.POV.DDAY;;;;;;;;;;;;;;;;;;;;;;;;;;;;;;;;;;;;;;;;20.6;;;;;;;;;;;;;;;;;;;;;;;2.2;;;
República Eslovaca;SVK;Tasa de incidencia de la pobreza, sobre la base de $3,00 por día (2021 PPA) (% de la población);SI.POV.DDAY;;;;;;;;;;;;;;;;;;;;;;;;;;;;;;;;;0;;;;1.7;;;;;;;;0.2;0.3;0.3;0.6;0.5;0.6;0.6;0.6;0.5;0.4;0.9;0.8;1.5;0.6;0.5;0.2;0.3;0.3;0.7;0.5;;
Eslovenia;SVN;Tasa de incidencia de la pobreza, sobre la base de $3,00 por día (2021 PPA) (% de la población);SI.POV.DDAY;;;;;;;;;;;;;;;;;;;;;;;;;;;;0;;;;;;0;;;;0.2;0;0.2;;;0.1;0;0.1;0.1;0.1;0;0;0;0;0;0;0;0;0;0;0;0;0;0;0;0;0;;
Suecia;SWE;Tasa de incidencia de la pobreza, sobre la base de $3,00 por día (2021 PPA) (% de la población);SI.POV.DDAY;;;;;;;;;;;;;;;;0.5;;;;;;0.5;;;;;;0.2;;;;;0.2;;;0.5;;;;;0.2;0.2;0;0.4;0.5;1.1;0.4;0.5;0.7;0.5;0.6;0.7;0.5;0.7;0.5;0.6;0.4;0.3;0.9;0.4;0.5;0.6;1.3;0.8;;
Eswatini;SWZ;Tasa de incidencia de la pobreza, sobre la base de $3,00 por día (2021 PPA) (% de la población);SI.POV.DDAY;;;;;;;;;;;;;;;;;;;;;;;;;;;;;;;;;;;89.3;;;;;;65;;;;;;;;;58.2;;;;;;;44.5;;;;;;;;;
Sint Maarten (Dutch part);SXM;Tasa de incidencia de la pobreza, sobre la base de $3,00 por día (2021 PPA) (% de la población);SI.POV.DDAY;;;;;;;;;;;;;;;;;;;;;;;;;;;;;;;;;;;;;;;;;;;;;;;;;;;;;;;;;;;;;;;;;;
Seychelles;SYC;Tasa de incidencia de la pobreza, sobre la base de $3,00 por día (2021 PPA) (% de la población);SI.POV.DDAY;;;;;;;;;;;;;;;;;;;;;;;;;;;;;;;;;;;;;;;;1.8;;;;;;;0.6;;;;;;;1.6;;;;;0.7;;;;;;;
República Árabe Siria;SYR;Tasa de incidencia de la pobreza, sobre la base de $3,00 por día (2021 PPA) (% de la población);SI.POV.DDAY;;;;;;;;;;;;;;;;;;;;;;;;;;;;;;;;;;;;;1.2;;;;;;;0.5;;;0;;;0;;;;;;;;;;;;;16.5;;;
Islas Turcas y Caicos;TCA;Tasa de incidencia de la pobreza, sobre la base de $3,00 por día (2021 PPA) (% de la población);SI.POV.DDAY;;;;;;;;;;;;;;;;;;;;;;;;;;;;;;;;;;;;;;;;;;;;;;;;;;;;;;;;;;;;;;;;;;
Chad;TCD;Tasa de incidencia de la pobreza, sobre la base de $3,00 por día (2021 PPA) (% de la población);SI.POV.DDAY;;;;;;;;;;;;;;;;;;;;;;;;;;;;;;;;;;;;;;;;;;;;66.7;;;;;;;;45.2;;;;;;;41.9;;;;39.5;;;
Asia oriental y el Pacífico (BIRF y la AIF);TEA;Tasa de incidencia de la pobreza, sobre la base de $3,00 por día (2021 PPA) (% de la población);SI.POV.DDAY;;;;;;;;;;;;;;;;;;;;;;;;;;;;;;;;;;;;;;;;;;;;;;;;;;;;;;;;;;;;;;;;;;
Europa y Asia central (BIRF y la AIF);TEC;Tasa de incidencia de la pobreza, sobre la base de $3,00 por día (2021 PPA) (% de la población);SI.POV.DDAY;;;;;;;;;;;;;;;;;;;;;;;;;;;;;;;;;;;;;;;;;;;;;;;;;;;;;;;;;;;;;;;;;;
Togo;TGO;Tasa de incidencia de la pobreza, sobre la base de $3,00 por día (2021 PPA) (% de la población);SI.POV.DDAY;;;;;;;;;;;;;;;;;;;;;;;;;;;;;;;;;;;;;;;;;;;;;;;67.2;;;;;65.2;;;;61.5;;;35.1;;;34.4;;;;
Tailandia;THA;Tasa de incidencia de la pobreza, sobre la base de $3,00 por día (2021 PPA) (% de la población);SI.POV.DDAY;;;;;;;;;;;;;;;;;;;;;;31;;;;;;;26.7;;21.1;;16.2;;9.2;;6.4;;5.7;8.3;8.4;;4.7;;3.1;;2.2;1.3;1;0.8;0.7;0.3;0.4;0.2;0.2;0.1;0.1;0.1;0.1;0.1;0.1;0;0;0;;
Tayikistán;TJK;Tasa de incidencia de la pobreza, sobre la base de $3,00 por día (2021 PPA) (% de la población);SI.POV.DDAY;;;;;;;;;;;;;;;;;;;;;;;;;;;;;;;;;;;;;;;;79.4;;;;56;37.2;;;24.2;;15.7;;;;;;13.3;;;;;;9.1;8.9;7.3;6.1;
Turkmenistán;TKM;Tasa de incidencia de la pobreza, sobre la base de $3,00 por día (2021 PPA) (% de la población);SI.POV.DDAY;;;;;;;;;;;;;;;;;;;;;;;;;;;;;;;;;;;;;;;35.1;;;;;;;;;;;;;;;;;;;;;;;;;;;
América Latina y el Caribe (BIRF y la AIF);TLA;Tasa de incidencia de la pobreza, sobre la base de $3,00 por día (2021 PPA) (% de la población);SI.POV.DDAY;;;;;;;;;;;;;;;;;;;;;;;;;;;;;;;;;;;;;;;;;;;;;;;;;;;;;;;;;;;;;;;;;;
Timor-Leste;TLS;Tasa de incidencia de la pobreza, sobre la base de $3,00 por día (2021 PPA) (% de la población);SI.POV.DDAY;;;;;;;;;;;;;;;;;;;;;;;;;;;;;;;;;;;;;;;;;;55.7;;;;;;60.1;;;;;;;43.9;;;;;;;;;;;
Oriente Medio y Norte de África (BIRF y la AIF);TMN;Tasa de incidencia de la pobreza, sobre la base de $3,00 por día (2021 PPA) (% de la población);SI.POV.DDAY;;;;;;;;;;;;;;;;;;;;;;;;;;;;;;;;;;;;;;;;;;;;;;;;;;;;;;;;;;;;;;;;;;
Tonga;TON;Tasa de incidencia de la pobreza, sobre la base de $3,00 por día (2021 PPA) (% de la población);SI.POV.DDAY;;;;;;;;;;;;;;;;;;;;;;;;;;;;;;;;;;;;;;;;;4.6;;;;;;;;;3.6;;;;;;4;;;;;;0.4;;;;
Asia meridional (BIRF y la AIF);TSA;Tasa de incidencia de la pobreza, sobre la base de $3,00 por día (2021 PPA) (% de la población);SI.POV.DDAY;;;;;;;;;;;;;;;;;;;;;;;;;;;;;;;;;;;;;;;;;;;;;;;;;;;;;;;;;;;;;;;;;;
África al sur del Sahara (BIRF y la AIF);TSS;Tasa de incidencia de la pobreza, sobre la base de $3,00 por día (2021 PPA) (% de la población);SI.POV.DDAY;;;;;;;;;;;;;;;;;;;;;;;;;;;;;;;;;;;;;;;;;;;;;;;;;;;;;;;;;;;;;;;;;;
Trinidad y Tobago;TTO;Tasa de incidencia de la pobreza, sobre la base de $3,00 por día (2021 PPA) (% de la población);SI.POV.DDAY;;;;;;;;;;;;;;;;;;;;;;;;;;;;;0.6;;;;3.2;;;;;;;;;;;;;;;;;;;;;;;;;;;;;;;;;
Túnez;TUN;Tasa de incidencia de la pobreza, sobre la base de $3,00 por día (2021 PPA) (% de la población);SI.POV.DDAY;;;;;;;;;;;;;;;;;;;;;;;;;;21.6;;;;;16.3;;;;;17.4;;;;;10.5;;;;;5.9;;;;;3.1;;;;;0.7;;;;;;0.7;;;;
Turquía;TUR;Tasa de incidencia de la pobreza, sobre la base de $3,00 por día (2021 PPA) (% de la población);SI.POV.DDAY;;;;;;;;;;;;;;;;;;;;;;;;;;;;9;;;;;;;10.1;;;;;;;;7.6;10;6.6;6.5;4.8;4;3.3;3;2.8;2;1.7;1.5;1;1.3;0.9;1.1;1;1.3;1.1;0.9;0.5;;;
Tuvalu;TUV;Tasa de incidencia de la pobreza, sobre la base de $3,00 por día (2021 PPA) (% de la población);SI.POV.DDAY;;;;;;;;;;;;;;;;;;;;;;;;;;;;;;;;;;;;;;;;;;;;;;;;;;;9;;;;;;;;;;;;;;;
Tanzanía;TZA;Tasa de incidencia de la pobreza, sobre la base de $3,00 por día (2021 PPA) (% de la población);SI.POV.DDAY;;;;;;;;;;;;;;;;;;;;;;;;;;;;;;;;73.5;;;;;;;;;86.9;;;;;;;61.9;;;;51.5;;;;;;;51.3;;;;;;;
Uganda;UGA;Tasa de incidencia de la pobreza, sobre la base de $3,00 por día (2021 PPA) (% de la población);SI.POV.DDAY;;;;;;;;;;;;;;;;;;;;;;;;;;;;;;72.8;;;79.9;;;;78.5;;;80.6;;;78.6;;;72.4;;;;63.5;;;56.2;;;;60.1;;;59.8;;;;;;
Ucrania;UKR;Tasa de incidencia de la pobreza, sobre la base de $3,00 por día (2021 PPA) (% de la población);SI.POV.DDAY;;;;;;;;;;;;;;;;;;;;;;;;;;;;;;;;;8.1;5.1;;14.5;15.2;;;24.8;;;6.3;3.2;2.8;1.1;0.7;0.5;0.1;0.3;0.1;0.1;0.1;0.1;0;0.3;0.2;0.1;0.2;0.2;0;;;;;
Ingreso mediano alto;UMC;Tasa de incidencia de la pobreza, sobre la base de $3,00 por día (2021 PPA) (% de la población);SI.POV.DDAY;;;;;;;;;;;;;;;;;;;;;;67.9;67.3;66.8;64.8;62.6;60;58.4;55.3;59.2;58.5;57.6;56.3;54.8;51.6;48.4;45.8;45.5;45.8;44;41.3;39;35.1;32.1;28.9;25.4;23.8;21.7;20.2;18.8;16.5;13.4;11.6;7.8;6.9;5.5;4.8;4.2;3.5;3;2.9;2.9;2.5;2.3;2.1;
Uruguay;URY;Tasa de incidencia de la pobreza, sobre la base de $3,00 por día (2021 PPA) (% de la población);SI.POV.DDAY;;;;;;;;;;;;;;;;;;;;;;0;;;;;;;;1;;;0.9;;;0.8;0.9;0.7;0.9;;0.8;0.7;1.1;1.5;1.7;1.5;1;0.7;0.4;0.4;0.3;0.2;0.3;0.3;0.2;0.2;0.1;0.1;0.1;0.1;0.3;0.2;0.2;0.2;0.2;
Estados Unidos;USA;Tasa de incidencia de la pobreza, sobre la base de $3,00 por día (2021 PPA) (% de la población);SI.POV.DDAY;;;;1.5;1.5;1.2;1.2;1;1;0.7;1;1;0.7;0.7;0.7;0.7;0.7;0.5;0.7;0.7;0.5;0.5;0.7;0.7;0.7;0.7;0.7;0.5;0.5;0.5;0.5;0.5;0.5;0.7;0.7;0.7;0.7;0.7;0.7;0.7;0.7;1;1;1;1;1;1;1;1;1;1.2;1;1;1;1.2;1.2;1.2;1.2;1;1;0.5;0.5;1.2;1.2;;
Uzbekistán;UZB;Tasa de incidencia de la pobreza, sobre la base de $3,00 por día (2021 PPA) (% de la población);SI.POV.DDAY;;;;;;;;;;;;;;;;;;;;;;;;;;;;;;;;;;;;;;;79.8;;93.8;;93.1;93.3;;;;;;;;;;;;;;;;;;4.4;4.4;4.1;2.7;
San Vicente y las Granadinas;VCT;Tasa de incidencia de la pobreza, sobre la base de $3,00 por día (2021 PPA) (% de la población);SI.POV.DDAY;;;;;;;;;;;;;;;;;;;;;;;;;;;;;;;;;;;;;;;;;;;;;;;;;;;;;;;;;;;;;;;;;;
Venezuela;VEN;Tasa de incidencia de la pobreza, sobre la base de $3,00 por día (2021 PPA) (% de la población);SI.POV.DDAY;;;;;;;;;;;;;;;;;;;;;;11.3;;;;;;12.3;;7.3;;;6.9;;;15.1;;;14.9;16.7;;14.7;22.1;27.1;22.8;18.1;9.7;;;;;;;;;;;;;;;;;;;
Islas Vírgenes Británicas;VGB;Tasa de incidencia de la pobreza, sobre la base de $3,00 por día (2021 PPA) (% de la población);SI.POV.DDAY;;;;;;;;;;;;;;;;;;;;;;;;;;;;;;;;;;;;;;;;;;;;;;;;;;;;;;;;;;;;;;;;;;
Islas Vírgenes (EE.UU.);VIR;Tasa de incidencia de la pobreza, sobre la base de $3,00 por día (2021 PPA) (% de la población);SI.POV.DDAY;;;;;;;;;;;;;;;;;;;;;;;;;;;;;;;;;;;;;;;;;;;;;;;;;;;;;;;;;;;;;;;;;;
Viet Nam;VNM;Tasa de incidencia de la pobreza, sobre la base de $3,00 por día (2021 PPA) (% de la población);SI.POV.DDAY;;;;;;;;;;;;;;;;;;;;;;;;;;;;;;;;;57.5;;;;;38.1;;;;;43.3;;30.9;;23.7;;17.6;;5.2;;3.7;;3.4;;2.5;;2.2;;1.3;;1.6;;;
Vanuatu;VUT;Tasa de incidencia de la pobreza, sobre la base de $3,00 por día (2021 PPA) (% de la población);SI.POV.DDAY;;;;;;;;;;;;;;;;;;;;;;;;;;;;;;;;;;;;;;;;;;;;;;;;;;;25.7;;;;;;;;;19.5;;;;;;
Mundo;WLD;Tasa de incidencia de la pobreza, sobre la base de $3,00 por día (2021 PPA) (% de la población);SI.POV.DDAY;;;;;;;;;;;;;;;;;;;;;;47.1;46.7;46.1;45.5;44.7;43.8;43.4;42.2;43.6;43.4;43.1;42.4;41.9;40.6;39.2;37.9;37.6;37.9;37.3;36.3;35.3;33.8;32.2;30.3;28.4;27;25.3;24.1;23;21;19.2;17.9;15.6;14.6;13.4;12.6;11.9;11.2;;11.4;11.2;10.8;10.5;10.3;
Samoa;WSM;Tasa de incidencia de la pobreza, sobre la base de $3,00 por día (2021 PPA) (% de la población);SI.POV.DDAY;;;;;;;;;;;;;;;;;;;;;;;;;;;;;;;;;;;;;;;;;;;5.9;;;;;;3.7;;;;;4.5;;;;;;;;;;;;
Kosovo;XKX;Tasa de incidencia de la pobreza, sobre la base de $3,00 por día (2021 PPA) (% de la población);SI.POV.DDAY;;;;;;;;;;;;;;;;;;;;;;;;;;;;;;;;;;;;;;;;;;;;11.7;;14.3;13.5;;;10.5;10.6;6.6;3.9;2.2;3.3;2.4;2;15.2;20.7;11.3;16.8;25;10;;;
Yemen, Rep. del;YEM;Tasa de incidencia de la pobreza, sobre la base de $3,00 por día (2021 PPA) (% de la población);SI.POV.DDAY;;;;;;;;;;;;;;;;;;;;;;;;;;;;;;;;;;;;;;;15.4;;;;;;;21.4;;;;;;;;;33.3;;;;;;;;;;;
Sudáfrica;ZAF;Tasa de incidencia de la pobreza, sobre la base de $3,00 por día (2021 PPA) (% de la población);SI.POV.DDAY;;;;;;;;;;;;;;;;;;;;;;;;;;;;;;;;;;44.6;;;;;;;47.9;;;;;42.1;;;30.3;;29.5;;;;31.2;;;;;;;;;;;
Zambia;ZMB;Tasa de incidencia de la pobreza, sobre la base de $3,00 por día (2021 PPA) (% de la población);SI.POV.DDAY;;;;;;;;;;;;;;;;;;;;;;;;;;;;;;;;63;;67.1;;;56.1;;56.6;;;;68;;68.9;;72;;;;71.4;;;;;67.9;;;;;;;71.7;;;
Zimbabwe;ZWE;Tasa de incidencia de la pobreza, sobre la base de $3,00 por día (2021 PPA) (% de la población);SI.POV.DDAY;;;;;;;;;;;;;;;;;;;;;;;;;;;;;;;;;;;;;;;;;;;;;;;;;;;;35.7;;;;;;44.7;;49.2;;;;;;